dataset_id,relative_path,filename,source_url,provider,source_version,source_year,downloaded_at_utc,captured_at_utc,size_bytes,sha256,license,event_role,notes,granule_start_utc,granule_end_utc,source_granule_id
nasa_gpm_imerg_final_v07b_portmore_october_2020,nasa_gpm_imerg/GPM_3IMERGHH_07/V07B/2020/10/3B-HHR.MS.MRG.3IMERG.20201004-S050000-E052959.0300.V07B.HDF5,3B-HHR.MS.MRG.3IMERG.20201004-S050000-E052959.0300.V07B.HDF5,https://data.gesdisc.earthdata.nasa.gov/data/GPM_L3/GPM_3IMERGHH.07/2020/278/3B-HHR.MS.MRG.3IMERG.20201004-S050000-E052959.0300.V07B.HDF5,NASA GES DISC,GPM_3IMERGHH_07 / V07B,2020,2026-08-16T05:04:33.612562Z,2026-08-16T05:35:47.613519Z,8531022,5954ed84d657d5a4b5780ca2a68b611ee43a263019900f258caeb263c47981dc,NASA Earth science data; retain NASA/GPM attribution and source URL,development_calibration,downloaded_at_utc is host filesystem mtime; no separate operator retrieval record was supplied.,2020-10-04T05:00:00Z,2020-10-04T05:30:00Z,GPM_3IMERGHH.07:3B-HHR.MS.MRG.3IMERG.20201004-S050000-E052959.0300.V07B.HDF5
nasa_gpm_imerg_final_v07b_portmore_october_2020,nasa_gpm_imerg/GPM_3IMERGHH_07/V07B/2020/10/3B-HHR.MS.MRG.3IMERG.20201004-S053000-E055959.0330.V07B.HDF5,3B-HHR.MS.MRG.3IMERG.20201004-S053000-E055959.0330.V07B.HDF5,https://data.gesdisc.earthdata.nasa.gov/data/GPM_L3/GPM_3IMERGHH.07/2020/278/3B-HHR.MS.MRG.3IMERG.20201004-S053000-E055959.0330.V07B.HDF5,NASA GES DISC,GPM_3IMERGHH_07 / V07B,2020,2026-08-16T05:12:16.774331Z,2026-08-16T05:35:47.637368Z,8602204,d7e251bda3b5be5bd201564b3e215bdef66ed3adedd1f62a2ea6c3f4572afc89,NASA Earth science data; retain NASA/GPM attribution and source URL,development_calibration,downloaded_at_utc is host filesystem mtime; no separate operator retrieval record was supplied.,2020-10-04T05:30:00Z,2020-10-04T06:00:00Z,GPM_3IMERGHH.07:3B-HHR.MS.MRG.3IMERG.20201004-S053000-E055959.0330.V07B.HDF5
nasa_gpm_imerg_final_v07b_portmore_october_2020,nasa_gpm_imerg/GPM_3IMERGHH_07/V07B/2020/10/3B-HHR.MS.MRG.3IMERG.20201004-S060000-E062959.0360.V07B.HDF5,3B-HHR.MS.MRG.3IMERG.20201004-S060000-E062959.0360.V07B.HDF5,https://data.gesdisc.earthdata.nasa.gov/data/GPM_L3/GPM_3IMERGHH.07/2020/278/3B-HHR.MS.MRG.3IMERG.20201004-S060000-E062959.0360.V07B.HDF5,NASA GES DISC,GPM_3IMERGHH_07 / V07B,2020,2026-08-16T05:12:18.478030Z,2026-08-16T05:35:47.662558Z,8489610,2d99db8699ff28dd09162fc40c0fac75ce39af9726f5079debe9b365e27f6e1c,NASA Earth science data; retain NASA/GPM attribution and source URL,development_calibration,downloaded_at_utc is host filesystem mtime; no separate operator retrieval record was supplied.,2020-10-04T06:00:00Z,2020-10-04T06:30:00Z,GPM_3IMERGHH.07:3B-HHR.MS.MRG.3IMERG.20201004-S060000-E062959.0360.V07B.HDF5
nasa_gpm_imerg_final_v07b_portmore_october_2020,nasa_gpm_imerg/GPM_3IMERGHH_07/V07B/2020/10/3B-HHR.MS.MRG.3IMERG.20201004-S063000-E065959.0390.V07B.HDF5,3B-HHR.MS.MRG.3IMERG.20201004-S063000-E065959.0390.V07B.HDF5,https://data.gesdisc.earthdata.nasa.gov/data/GPM_L3/GPM_3IMERGHH.07/2020/278/3B-HHR.MS.MRG.3IMERG.20201004-S063000-E065959.0390.V07B.HDF5,NASA GES DISC,GPM_3IMERGHH_07 / V07B,2020,2026-08-16T05:12:19.869116Z,2026-08-16T05:35:47.689032Z,8654082,5e8c32ba2fdb8a97528aab1bec7dadee265b0859fdf1d9527e26ca87f04ce298,NASA Earth science data; retain NASA/GPM attribution and source URL,development_calibration,downloaded_at_utc is host filesystem mtime; no separate operator retrieval record was supplied.,2020-10-04T06:30:00Z,2020-10-04T07:00:00Z,GPM_3IMERGHH.07:3B-HHR.MS.MRG.3IMERG.20201004-S063000-E065959.0390.V07B.HDF5
nasa_gpm_imerg_final_v07b_portmore_october_2020,nasa_gpm_imerg/GPM_3IMERGHH_07/V07B/2020/10/3B-HHR.MS.MRG.3IMERG.20201004-S070000-E072959.0420.V07B.HDF5,3B-HHR.MS.MRG.3IMERG.20201004-S070000-E072959.0420.V07B.HDF5,https://data.gesdisc.earthdata.nasa.gov/data/GPM_L3/GPM_3IMERGHH.07/2020/278/3B-HHR.MS.MRG.3IMERG.20201004-S070000-E072959.0420.V07B.HDF5,NASA GES DISC,GPM_3IMERGHH_07 / V07B,2020,2026-08-16T05:12:21.161705Z,2026-08-16T05:35:47.716832Z,8568493,1aac84537a49f59f6dc57f4241fc4a940bf7550170552ee0434aec199fcda819,NASA Earth science data; retain NASA/GPM attribution and source URL,development_calibration,downloaded_at_utc is host filesystem mtime; no separate operator retrieval record was supplied.,2020-10-04T07:00:00Z,2020-10-04T07:30:00Z,GPM_3IMERGHH.07:3B-HHR.MS.MRG.3IMERG.20201004-S070000-E072959.0420.V07B.HDF5
nasa_gpm_imerg_final_v07b_portmore_october_2020,nasa_gpm_imerg/GPM_3IMERGHH_07/V07B/2020/10/3B-HHR.MS.MRG.3IMERG.20201004-S073000-E075959.0450.V07B.HDF5,3B-HHR.MS.MRG.3IMERG.20201004-S073000-E075959.0450.V07B.HDF5,https://data.gesdisc.earthdata.nasa.gov/data/GPM_L3/GPM_3IMERGHH.07/2020/278/3B-HHR.MS.MRG.3IMERG.20201004-S073000-E075959.0450.V07B.HDF5,NASA GES DISC,GPM_3IMERGHH_07 / V07B,2020,2026-08-16T05:12:22.866220Z,2026-08-16T05:35:47.742975Z,8565857,d8bec982e0829f756e103396531621cba9bd527881a904c29608f6d52e8b9eed,NASA Earth science data; retain NASA/GPM attribution and source URL,development_calibration,downloaded_at_utc is host filesystem mtime; no separate operator retrieval record was supplied.,2020-10-04T07:30:00Z,2020-10-04T08:00:00Z,GPM_3IMERGHH.07:3B-HHR.MS.MRG.3IMERG.20201004-S073000-E075959.0450.V07B.HDF5
nasa_gpm_imerg_final_v07b_portmore_october_2020,nasa_gpm_imerg/GPM_3IMERGHH_07/V07B/2020/10/3B-HHR.MS.MRG.3IMERG.20201004-S080000-E082959.0480.V07B.HDF5,3B-HHR.MS.MRG.3IMERG.20201004-S080000-E082959.0480.V07B.HDF5,https://data.gesdisc.earthdata.nasa.gov/data/GPM_L3/GPM_3IMERGHH.07/2020/278/3B-HHR.MS.MRG.3IMERG.20201004-S080000-E082959.0480.V07B.HDF5,NASA GES DISC,GPM_3IMERGHH_07 / V07B,2020,2026-08-16T05:12:25.244506Z,2026-08-16T05:35:47.766083Z,8626588,143c072f378ad8242a4c1c98cc15319f8f2e67f85b0668c27082930da2f1bcc7,NASA Earth science data; retain NASA/GPM attribution and source URL,development_calibration,downloaded_at_utc is host filesystem mtime; no separate operator retrieval record was supplied.,2020-10-04T08:00:00Z,2020-10-04T08:30:00Z,GPM_3IMERGHH.07:3B-HHR.MS.MRG.3IMERG.20201004-S080000-E082959.0480.V07B.HDF5
nasa_gpm_imerg_final_v07b_portmore_october_2020,nasa_gpm_imerg/GPM_3IMERGHH_07/V07B/2020/10/3B-HHR.MS.MRG.3IMERG.20201004-S083000-E085959.0510.V07B.HDF5,3B-HHR.MS.MRG.3IMERG.20201004-S083000-E085959.0510.V07B.HDF5,https://data.gesdisc.earthdata.nasa.gov/data/GPM_L3/GPM_3IMERGHH.07/2020/278/3B-HHR.MS.MRG.3IMERG.20201004-S083000-E085959.0510.V07B.HDF5,NASA GES DISC,GPM_3IMERGHH_07 / V07B,2020,2026-08-16T05:12:27.604108Z,2026-08-16T05:35:47.790735Z,8518322,09550ab79252e6b22a78d9c0586362217a9d60a047c94b83dadf10e42117cbf9,NASA Earth science data; retain NASA/GPM attribution and source URL,development_calibration,downloaded_at_utc is host filesystem mtime; no separate operator retrieval record was supplied.,2020-10-04T08:30:00Z,2020-10-04T09:00:00Z,GPM_3IMERGHH.07:3B-HHR.MS.MRG.3IMERG.20201004-S083000-E085959.0510.V07B.HDF5
nasa_gpm_imerg_final_v07b_portmore_october_2020,nasa_gpm_imerg/GPM_3IMERGHH_07/V07B/2020/10/3B-HHR.MS.MRG.3IMERG.20201004-S090000-E092959.0540.V07B.HDF5,3B-HHR.MS.MRG.3IMERG.20201004-S090000-E092959.0540.V07B.HDF5,https://data.gesdisc.earthdata.nasa.gov/data/GPM_L3/GPM_3IMERGHH.07/2020/278/3B-HHR.MS.MRG.3IMERG.20201004-S090000-E092959.0540.V07B.HDF5,NASA GES DISC,GPM_3IMERGHH_07 / V07B,2020,2026-08-16T05:12:28.883368Z,2026-08-16T05:35:47.815309Z,8534107,d193d3993b53925092c9b3aa927a6b6c026bacfbd1d50cb4dacc1fca103ae7b0,NASA Earth science data; retain NASA/GPM attribution and source URL,development_calibration,downloaded_at_utc is host filesystem mtime; no separate operator retrieval record was supplied.,2020-10-04T09:00:00Z,2020-10-04T09:30:00Z,GPM_3IMERGHH.07:3B-HHR.MS.MRG.3IMERG.20201004-S090000-E092959.0540.V07B.HDF5
nasa_gpm_imerg_final_v07b_portmore_october_2020,nasa_gpm_imerg/GPM_3IMERGHH_07/V07B/2020/10/3B-HHR.MS.MRG.3IMERG.20201004-S093000-E095959.0570.V07B.HDF5,3B-HHR.MS.MRG.3IMERG.20201004-S093000-E095959.0570.V07B.HDF5,https://data.gesdisc.earthdata.nasa.gov/data/GPM_L3/GPM_3IMERGHH.07/2020/278/3B-HHR.MS.MRG.3IMERG.20201004-S093000-E095959.0570.V07B.HDF5,NASA GES DISC,GPM_3IMERGHH_07 / V07B,2020,2026-08-16T05:12:30.191640Z,2026-08-16T05:35:47.837013Z,8518324,3f2ea870889e8ca823a9ac47037829d4fcf43534ef2211b9692a34997562090c,NASA Earth science data; retain NASA/GPM attribution and source URL,development_calibration,downloaded_at_utc is host filesystem mtime; no separate operator retrieval record was supplied.,2020-10-04T09:30:00Z,2020-10-04T10:00:00Z,GPM_3IMERGHH.07:3B-HHR.MS.MRG.3IMERG.20201004-S093000-E095959.0570.V07B.HDF5
nasa_gpm_imerg_final_v07b_portmore_october_2020,nasa_gpm_imerg/GPM_3IMERGHH_07/V07B/2020/10/3B-HHR.MS.MRG.3IMERG.20201004-S100000-E102959.0600.V07B.HDF5,3B-HHR.MS.MRG.3IMERG.20201004-S100000-E102959.0600.V07B.HDF5,https://data.gesdisc.earthdata.nasa.gov/data/GPM_L3/GPM_3IMERGHH.07/2020/278/3B-HHR.MS.MRG.3IMERG.20201004-S100000-E102959.0600.V07B.HDF5,NASA GES DISC,GPM_3IMERGHH_07 / V07B,2020,2026-08-16T05:12:31.596575Z,2026-08-16T05:35:47.859158Z,8476459,c20cabd005291e02f750dbc7d89cdf7c9f436a3354df13a177325440826330f5,NASA Earth science data; retain NASA/GPM attribution and source URL,development_calibration,downloaded_at_utc is host filesystem mtime; no separate operator retrieval record was supplied.,2020-10-04T10:00:00Z,2020-10-04T10:30:00Z,GPM_3IMERGHH.07:3B-HHR.MS.MRG.3IMERG.20201004-S100000-E102959.0600.V07B.HDF5
nasa_gpm_imerg_final_v07b_portmore_october_2020,nasa_gpm_imerg/GPM_3IMERGHH_07/V07B/2020/10/3B-HHR.MS.MRG.3IMERG.20201004-S103000-E105959.0630.V07B.HDF5,3B-HHR.MS.MRG.3IMERG.20201004-S103000-E105959.0630.V07B.HDF5,https://data.gesdisc.earthdata.nasa.gov/data/GPM_L3/GPM_3IMERGHH.07/2020/278/3B-HHR.MS.MRG.3IMERG.20201004-S103000-E105959.0630.V07B.HDF5,NASA GES DISC,GPM_3IMERGHH_07 / V07B,2020,2026-08-16T05:12:33.073210Z,2026-08-16T05:35:47.880141Z,8470516,ed084dc1cd94332830628566256a52fed72d2a5bc89667222c44eb98ebca1854,NASA Earth science data; retain NASA/GPM attribution and source URL,development_calibration,downloaded_at_utc is host filesystem mtime; no separate operator retrieval record was supplied.,2020-10-04T10:30:00Z,2020-10-04T11:00:00Z,GPM_3IMERGHH.07:3B-HHR.MS.MRG.3IMERG.20201004-S103000-E105959.0630.V07B.HDF5
nasa_gpm_imerg_final_v07b_portmore_october_2020,nasa_gpm_imerg/GPM_3IMERGHH_07/V07B/2020/10/3B-HHR.MS.MRG.3IMERG.20201004-S110000-E112959.0660.V07B.HDF5,3B-HHR.MS.MRG.3IMERG.20201004-S110000-E112959.0660.V07B.HDF5,https://data.gesdisc.earthdata.nasa.gov/data/GPM_L3/GPM_3IMERGHH.07/2020/278/3B-HHR.MS.MRG.3IMERG.20201004-S110000-E112959.0660.V07B.HDF5,NASA GES DISC,GPM_3IMERGHH_07 / V07B,2020,2026-08-16T05:12:34.650010Z,2026-08-16T05:35:47.901513Z,8506567,548a005e02725db7729882d4d3c5bb382ca652dbe000897628ec43e487805d94,NASA Earth science data; retain NASA/GPM attribution and source URL,development_calibration,downloaded_at_utc is host filesystem mtime; no separate operator retrieval record was supplied.,2020-10-04T11:00:00Z,2020-10-04T11:30:00Z,GPM_3IMERGHH.07:3B-HHR.MS.MRG.3IMERG.20201004-S110000-E112959.0660.V07B.HDF5
nasa_gpm_imerg_final_v07b_portmore_october_2020,nasa_gpm_imerg/GPM_3IMERGHH_07/V07B/2020/10/3B-HHR.MS.MRG.3IMERG.20201004-S113000-E115959.0690.V07B.HDF5,3B-HHR.MS.MRG.3IMERG.20201004-S113000-E115959.0690.V07B.HDF5,https://data.gesdisc.earthdata.nasa.gov/data/GPM_L3/GPM_3IMERGHH.07/2020/278/3B-HHR.MS.MRG.3IMERG.20201004-S113000-E115959.0690.V07B.HDF5,NASA GES DISC,GPM_3IMERGHH_07 / V07B,2020,2026-08-16T05:12:36.281599Z,2026-08-16T05:35:47.923357Z,8560624,f6e277b27ff90faf1cc1cca79e6ed147d07cce991f6dbe1d5254ad9ce31de48d,NASA Earth science data; retain NASA/GPM attribution and source URL,development_calibration,downloaded_at_utc is host filesystem mtime; no separate operator retrieval record was supplied.,2020-10-04T11:30:00Z,2020-10-04T12:00:00Z,GPM_3IMERGHH.07:3B-HHR.MS.MRG.3IMERG.20201004-S113000-E115959.0690.V07B.HDF5
nasa_gpm_imerg_final_v07b_portmore_october_2020,nasa_gpm_imerg/GPM_3IMERGHH_07/V07B/2020/10/3B-HHR.MS.MRG.3IMERG.20201004-S120000-E122959.0720.V07B.HDF5,3B-HHR.MS.MRG.3IMERG.20201004-S120000-E122959.0720.V07B.HDF5,https://data.gesdisc.earthdata.nasa.gov/data/GPM_L3/GPM_3IMERGHH.07/2020/278/3B-HHR.MS.MRG.3IMERG.20201004-S120000-E122959.0720.V07B.HDF5,NASA GES DISC,GPM_3IMERGHH_07 / V07B,2020,2026-08-16T05:12:37.688862Z,2026-08-16T05:35:47.943587Z,8430330,60ec791e1da5e9f8cf6dd68e15cdeaaa71ebac9c72a222227647d61dfed8dbc8,NASA Earth science data; retain NASA/GPM attribution and source URL,development_calibration,downloaded_at_utc is host filesystem mtime; no separate operator retrieval record was supplied.,2020-10-04T12:00:00Z,2020-10-04T12:30:00Z,GPM_3IMERGHH.07:3B-HHR.MS.MRG.3IMERG.20201004-S120000-E122959.0720.V07B.HDF5
nasa_gpm_imerg_final_v07b_portmore_october_2020,nasa_gpm_imerg/GPM_3IMERGHH_07/V07B/2020/10/3B-HHR.MS.MRG.3IMERG.20201004-S123000-E125959.0750.V07B.HDF5,3B-HHR.MS.MRG.3IMERG.20201004-S123000-E125959.0750.V07B.HDF5,https://data.gesdisc.earthdata.nasa.gov/data/GPM_L3/GPM_3IMERGHH.07/2020/278/3B-HHR.MS.MRG.3IMERG.20201004-S123000-E125959.0750.V07B.HDF5,NASA GES DISC,GPM_3IMERGHH_07 / V07B,2020,2026-08-16T05:12:39.132523Z,2026-08-16T05:35:47.965387Z,8617267,d75084150445b143556e7cde60fba7cfc4c5c60e01efac810a978f1b9a86bc62,NASA Earth science data; retain NASA/GPM attribution and source URL,development_calibration,downloaded_at_utc is host filesystem mtime; no separate operator retrieval record was supplied.,2020-10-04T12:30:00Z,2020-10-04T13:00:00Z,GPM_3IMERGHH.07:3B-HHR.MS.MRG.3IMERG.20201004-S123000-E125959.0750.V07B.HDF5
nasa_gpm_imerg_final_v07b_portmore_october_2020,nasa_gpm_imerg/GPM_3IMERGHH_07/V07B/2020/10/3B-HHR.MS.MRG.3IMERG.20201004-S130000-E132959.0780.V07B.HDF5,3B-HHR.MS.MRG.3IMERG.20201004-S130000-E132959.0780.V07B.HDF5,https://data.gesdisc.earthdata.nasa.gov/data/GPM_L3/GPM_3IMERGHH.07/2020/278/3B-HHR.MS.MRG.3IMERG.20201004-S130000-E132959.0780.V07B.HDF5,NASA GES DISC,GPM_3IMERGHH_07 / V07B,2020,2026-08-16T05:12:40.416544Z,2026-08-16T05:35:47.985399Z,8499050,6c2c70d4d262c4cd90e2f0bca04acc74dbc502696f45e74dfba1b224be0c832b,NASA Earth science data; retain NASA/GPM attribution and source URL,development_calibration,downloaded_at_utc is host filesystem mtime; no separate operator retrieval record was supplied.,2020-10-04T13:00:00Z,2020-10-04T13:30:00Z,GPM_3IMERGHH.07:3B-HHR.MS.MRG.3IMERG.20201004-S130000-E132959.0780.V07B.HDF5
nasa_gpm_imerg_final_v07b_portmore_october_2020,nasa_gpm_imerg/GPM_3IMERGHH_07/V07B/2020/10/3B-HHR.MS.MRG.3IMERG.20201004-S133000-E135959.0810.V07B.HDF5,3B-HHR.MS.MRG.3IMERG.20201004-S133000-E135959.0810.V07B.HDF5,https://data.gesdisc.earthdata.nasa.gov/data/GPM_L3/GPM_3IMERGHH.07/2020/278/3B-HHR.MS.MRG.3IMERG.20201004-S133000-E135959.0810.V07B.HDF5,NASA GES DISC,GPM_3IMERGHH_07 / V07B,2020,2026-08-16T05:12:42.775177Z,2026-08-16T05:35:48.005880Z,8388172,95e1fc4abdcd1090b546b2d9af4b6470198d2832a5994eaf158fb28d269593bb,NASA Earth science data; retain NASA/GPM attribution and source URL,development_calibration,downloaded_at_utc is host filesystem mtime; no separate operator retrieval record was supplied.,2020-10-04T13:30:00Z,2020-10-04T14:00:00Z,GPM_3IMERGHH.07:3B-HHR.MS.MRG.3IMERG.20201004-S133000-E135959.0810.V07B.HDF5
nasa_gpm_imerg_final_v07b_portmore_october_2020,nasa_gpm_imerg/GPM_3IMERGHH_07/V07B/2020/10/3B-HHR.MS.MRG.3IMERG.20201004-S140000-E142959.0840.V07B.HDF5,3B-HHR.MS.MRG.3IMERG.20201004-S140000-E142959.0840.V07B.HDF5,https://data.gesdisc.earthdata.nasa.gov/data/GPM_L3/GPM_3IMERGHH.07/2020/278/3B-HHR.MS.MRG.3IMERG.20201004-S140000-E142959.0840.V07B.HDF5,NASA GES DISC,GPM_3IMERGHH_07 / V07B,2020,2026-08-16T05:12:44.098310Z,2026-08-16T05:35:48.027511Z,8449826,bf4e2def5fb4b04f62947c70b3ee312b81c1b60a05792689de678737be281423,NASA Earth science data; retain NASA/GPM attribution and source URL,development_calibration,downloaded_at_utc is host filesystem mtime; no separate operator retrieval record was supplied.,2020-10-04T14:00:00Z,2020-10-04T14:30:00Z,GPM_3IMERGHH.07:3B-HHR.MS.MRG.3IMERG.20201004-S140000-E142959.0840.V07B.HDF5
nasa_gpm_imerg_final_v07b_portmore_october_2020,nasa_gpm_imerg/GPM_3IMERGHH_07/V07B/2020/10/3B-HHR.MS.MRG.3IMERG.20201004-S143000-E145959.0870.V07B.HDF5,3B-HHR.MS.MRG.3IMERG.20201004-S143000-E145959.0870.V07B.HDF5,https://data.gesdisc.earthdata.nasa.gov/data/GPM_L3/GPM_3IMERGHH.07/2020/278/3B-HHR.MS.MRG.3IMERG.20201004-S143000-E145959.0870.V07B.HDF5,NASA GES DISC,GPM_3IMERGHH_07 / V07B,2020,2026-08-16T05:12:45.652866Z,2026-08-16T05:35:48.049071Z,8408981,7192cd0119b7b44779e129946f86fb8d358228fc4d5c4571518402897cb0075d,NASA Earth science data; retain NASA/GPM attribution and source URL,development_calibration,downloaded_at_utc is host filesystem mtime; no separate operator retrieval record was supplied.,2020-10-04T14:30:00Z,2020-10-04T15:00:00Z,GPM_3IMERGHH.07:3B-HHR.MS.MRG.3IMERG.20201004-S143000-E145959.0870.V07B.HDF5
nasa_gpm_imerg_final_v07b_portmore_october_2020,nasa_gpm_imerg/GPM_3IMERGHH_07/V07B/2020/10/3B-HHR.MS.MRG.3IMERG.20201004-S150000-E152959.0900.V07B.HDF5,3B-HHR.MS.MRG.3IMERG.20201004-S150000-E152959.0900.V07B.HDF5,https://data.gesdisc.earthdata.nasa.gov/data/GPM_L3/GPM_3IMERGHH.07/2020/278/3B-HHR.MS.MRG.3IMERG.20201004-S150000-E152959.0900.V07B.HDF5,NASA GES DISC,GPM_3IMERGHH_07 / V07B,2020,2026-08-16T05:12:47.063719Z,2026-08-16T05:35:48.073679Z,8464442,152d248537010cb803d9a0c474e715cdcbc008aea21fa721bca58263e9a692c9,NASA Earth science data; retain NASA/GPM attribution and source URL,development_calibration,downloaded_at_utc is host filesystem mtime; no separate operator retrieval record was supplied.,2020-10-04T15:00:00Z,2020-10-04T15:30:00Z,GPM_3IMERGHH.07:3B-HHR.MS.MRG.3IMERG.20201004-S150000-E152959.0900.V07B.HDF5
nasa_gpm_imerg_final_v07b_portmore_october_2020,nasa_gpm_imerg/GPM_3IMERGHH_07/V07B/2020/10/3B-HHR.MS.MRG.3IMERG.20201004-S153000-E155959.0930.V07B.HDF5,3B-HHR.MS.MRG.3IMERG.20201004-S153000-E155959.0930.V07B.HDF5,https://data.gesdisc.earthdata.nasa.gov/data/GPM_L3/GPM_3IMERGHH.07/2020/278/3B-HHR.MS.MRG.3IMERG.20201004-S153000-E155959.0930.V07B.HDF5,NASA GES DISC,GPM_3IMERGHH_07 / V07B,2020,2026-08-16T05:12:48.371081Z,2026-08-16T05:35:48.094174Z,8448664,63286420b0fc4c094df5c4bab1eb4792987bb11b203476a07313d928ec9190d9,NASA Earth science data; retain NASA/GPM attribution and source URL,development_calibration,downloaded_at_utc is host filesystem mtime; no separate operator retrieval record was supplied.,2020-10-04T15:30:00Z,2020-10-04T16:00:00Z,GPM_3IMERGHH.07:3B-HHR.MS.MRG.3IMERG.20201004-S153000-E155959.0930.V07B.HDF5
nasa_gpm_imerg_final_v07b_portmore_october_2020,nasa_gpm_imerg/GPM_3IMERGHH_07/V07B/2020/10/3B-HHR.MS.MRG.3IMERG.20201004-S160000-E162959.0960.V07B.HDF5,3B-HHR.MS.MRG.3IMERG.20201004-S160000-E162959.0960.V07B.HDF5,https://data.gesdisc.earthdata.nasa.gov/data/GPM_L3/GPM_3IMERGHH.07/2020/278/3B-HHR.MS.MRG.3IMERG.20201004-S160000-E162959.0960.V07B.HDF5,NASA GES DISC,GPM_3IMERGHH_07 / V07B,2020,2026-08-16T05:12:49.645971Z,2026-08-16T05:35:48.114900Z,8425573,9acd61f7c853e108328ccca61f82a22d88894dcb6911c9671d67b03e6c82ef38,NASA Earth science data; retain NASA/GPM attribution and source URL,development_calibration,downloaded_at_utc is host filesystem mtime; no separate operator retrieval record was supplied.,2020-10-04T16:00:00Z,2020-10-04T16:30:00Z,GPM_3IMERGHH.07:3B-HHR.MS.MRG.3IMERG.20201004-S160000-E162959.0960.V07B.HDF5
nasa_gpm_imerg_final_v07b_portmore_october_2020,nasa_gpm_imerg/GPM_3IMERGHH_07/V07B/2020/10/3B-HHR.MS.MRG.3IMERG.20201004-S163000-E165959.0990.V07B.HDF5,3B-HHR.MS.MRG.3IMERG.20201004-S163000-E165959.0990.V07B.HDF5,https://data.gesdisc.earthdata.nasa.gov/data/GPM_L3/GPM_3IMERGHH.07/2020/278/3B-HHR.MS.MRG.3IMERG.20201004-S163000-E165959.0990.V07B.HDF5,NASA GES DISC,GPM_3IMERGHH_07 / V07B,2020,2026-08-16T05:12:51.033583Z,2026-08-16T05:35:48.135125Z,8383470,d65c20d69ebaa7af9f5ebe51590469690e51171aa9d22994783b96d78cda1666,NASA Earth science data; retain NASA/GPM attribution and source URL,development_calibration,downloaded_at_utc is host filesystem mtime; no separate operator retrieval record was supplied.,2020-10-04T16:30:00Z,2020-10-04T17:00:00Z,GPM_3IMERGHH.07:3B-HHR.MS.MRG.3IMERG.20201004-S163000-E165959.0990.V07B.HDF5
nasa_gpm_imerg_final_v07b_portmore_october_2020,nasa_gpm_imerg/GPM_3IMERGHH_07/V07B/2020/10/3B-HHR.MS.MRG.3IMERG.20201004-S170000-E172959.1020.V07B.HDF5,3B-HHR.MS.MRG.3IMERG.20201004-S170000-E172959.1020.V07B.HDF5,https://data.gesdisc.earthdata.nasa.gov/data/GPM_L3/GPM_3IMERGHH.07/2020/278/3B-HHR.MS.MRG.3IMERG.20201004-S170000-E172959.1020.V07B.HDF5,NASA GES DISC,GPM_3IMERGHH_07 / V07B,2020,2026-08-16T05:12:52.560419Z,2026-08-16T05:35:48.155376Z,8292437,67a1ca311ff779fcd3144bf4150c260522055f21faf151244dc593313b3ad52a,NASA Earth science data; retain NASA/GPM attribution and source URL,development_calibration,downloaded_at_utc is host filesystem mtime; no separate operator retrieval record was supplied.,2020-10-04T17:00:00Z,2020-10-04T17:30:00Z,GPM_3IMERGHH.07:3B-HHR.MS.MRG.3IMERG.20201004-S170000-E172959.1020.V07B.HDF5
nasa_gpm_imerg_final_v07b_portmore_october_2020,nasa_gpm_imerg/GPM_3IMERGHH_07/V07B/2020/10/3B-HHR.MS.MRG.3IMERG.20201004-S173000-E175959.1050.V07B.HDF5,3B-HHR.MS.MRG.3IMERG.20201004-S173000-E175959.1050.V07B.HDF5,https://data.gesdisc.earthdata.nasa.gov/data/GPM_L3/GPM_3IMERGHH.07/2020/278/3B-HHR.MS.MRG.3IMERG.20201004-S173000-E175959.1050.V07B.HDF5,NASA GES DISC,GPM_3IMERGHH_07 / V07B,2020,2026-08-16T05:12:53.850353Z,2026-08-16T05:35:48.176209Z,8337129,bc65c66886cf9f8cf0491da39326752c099fe37b48420a24c3bbba2137f525f6,NASA Earth science data; retain NASA/GPM attribution and source URL,development_calibration,downloaded_at_utc is host filesystem mtime; no separate operator retrieval record was supplied.,2020-10-04T17:30:00Z,2020-10-04T18:00:00Z,GPM_3IMERGHH.07:3B-HHR.MS.MRG.3IMERG.20201004-S173000-E175959.1050.V07B.HDF5
nasa_gpm_imerg_final_v07b_portmore_october_2020,nasa_gpm_imerg/GPM_3IMERGHH_07/V07B/2020/10/3B-HHR.MS.MRG.3IMERG.20201004-S180000-E182959.1080.V07B.HDF5,3B-HHR.MS.MRG.3IMERG.20201004-S180000-E182959.1080.V07B.HDF5,https://data.gesdisc.earthdata.nasa.gov/data/GPM_L3/GPM_3IMERGHH.07/2020/278/3B-HHR.MS.MRG.3IMERG.20201004-S180000-E182959.1080.V07B.HDF5,NASA GES DISC,GPM_3IMERGHH_07 / V07B,2020,2026-08-16T05:12:55.276304Z,2026-08-16T05:35:48.196992Z,8288969,37cf82e3337174c1336a8fe6bd826254941203bf4b02828a594652a60e8df75d,NASA Earth science data; retain NASA/GPM attribution and source URL,development_calibration,downloaded_at_utc is host filesystem mtime; no separate operator retrieval record was supplied.,2020-10-04T18:00:00Z,2020-10-04T18:30:00Z,GPM_3IMERGHH.07:3B-HHR.MS.MRG.3IMERG.20201004-S180000-E182959.1080.V07B.HDF5
nasa_gpm_imerg_final_v07b_portmore_october_2020,nasa_gpm_imerg/GPM_3IMERGHH_07/V07B/2020/10/3B-HHR.MS.MRG.3IMERG.20201004-S183000-E185959.1110.V07B.HDF5,3B-HHR.MS.MRG.3IMERG.20201004-S183000-E185959.1110.V07B.HDF5,https://data.gesdisc.earthdata.nasa.gov/data/GPM_L3/GPM_3IMERGHH.07/2020/278/3B-HHR.MS.MRG.3IMERG.20201004-S183000-E185959.1110.V07B.HDF5,NASA GES DISC,GPM_3IMERGHH_07 / V07B,2020,2026-08-16T05:12:57.579703Z,2026-08-16T05:35:48.218748Z,8296295,c76d7b4ce8e6905f6af8a0ea9332e5f4660accf358b7c763507d04d1b8582f28,NASA Earth science data; retain NASA/GPM attribution and source URL,development_calibration,downloaded_at_utc is host filesystem mtime; no separate operator retrieval record was supplied.,2020-10-04T18:30:00Z,2020-10-04T19:00:00Z,GPM_3IMERGHH.07:3B-HHR.MS.MRG.3IMERG.20201004-S183000-E185959.1110.V07B.HDF5
nasa_gpm_imerg_final_v07b_portmore_october_2020,nasa_gpm_imerg/GPM_3IMERGHH_07/V07B/2020/10/3B-HHR.MS.MRG.3IMERG.20201004-S190000-E192959.1140.V07B.HDF5,3B-HHR.MS.MRG.3IMERG.20201004-S190000-E192959.1140.V07B.HDF5,https://data.gesdisc.earthdata.nasa.gov/data/GPM_L3/GPM_3IMERGHH.07/2020/278/3B-HHR.MS.MRG.3IMERG.20201004-S190000-E192959.1140.V07B.HDF5,NASA GES DISC,GPM_3IMERGHH_07 / V07B,2020,2026-08-16T05:12:58.917004Z,2026-08-16T05:35:48.239873Z,8325566,3b5591e3ba7e6e61228b37ac1e4c3de6f51abdd491d8b3c75f3bf5d006e7ec90,NASA Earth science data; retain NASA/GPM attribution and source URL,development_calibration,downloaded_at_utc is host filesystem mtime; no separate operator retrieval record was supplied.,2020-10-04T19:00:00Z,2020-10-04T19:30:00Z,GPM_3IMERGHH.07:3B-HHR.MS.MRG.3IMERG.20201004-S190000-E192959.1140.V07B.HDF5
nasa_gpm_imerg_final_v07b_portmore_october_2020,nasa_gpm_imerg/GPM_3IMERGHH_07/V07B/2020/10/3B-HHR.MS.MRG.3IMERG.20201004-S193000-E195959.1170.V07B.HDF5,3B-HHR.MS.MRG.3IMERG.20201004-S193000-E195959.1170.V07B.HDF5,https://data.gesdisc.earthdata.nasa.gov/data/GPM_L3/GPM_3IMERGHH.07/2020/278/3B-HHR.MS.MRG.3IMERG.20201004-S193000-E195959.1170.V07B.HDF5,NASA GES DISC,GPM_3IMERGHH_07 / V07B,2020,2026-08-16T05:13:00.224939Z,2026-08-16T05:35:48.260199Z,8283986,3a6c16241de57566df007e4b6942c64994773ec42d8a94636ce0a7f039416828,NASA Earth science data; retain NASA/GPM attribution and source URL,development_calibration,downloaded_at_utc is host filesystem mtime; no separate operator retrieval record was supplied.,2020-10-04T19:30:00Z,2020-10-04T20:00:00Z,GPM_3IMERGHH.07:3B-HHR.MS.MRG.3IMERG.20201004-S193000-E195959.1170.V07B.HDF5
nasa_gpm_imerg_final_v07b_portmore_october_2020,nasa_gpm_imerg/GPM_3IMERGHH_07/V07B/2020/10/3B-HHR.MS.MRG.3IMERG.20201004-S200000-E202959.1200.V07B.HDF5,3B-HHR.MS.MRG.3IMERG.20201004-S200000-E202959.1200.V07B.HDF5,https://data.gesdisc.earthdata.nasa.gov/data/GPM_L3/GPM_3IMERGHH.07/2020/278/3B-HHR.MS.MRG.3IMERG.20201004-S200000-E202959.1200.V07B.HDF5,NASA GES DISC,GPM_3IMERGHH_07 / V07B,2020,2026-08-16T05:13:01.668564Z,2026-08-16T05:35:48.280508Z,8346172,dd9fdfb8a2e8a1b7acc526623792e8f3fad1fcf38bd4a1c5c03afc7e96372bc0,NASA Earth science data; retain NASA/GPM attribution and source URL,development_calibration,downloaded_at_utc is host filesystem mtime; no separate operator retrieval record was supplied.,2020-10-04T20:00:00Z,2020-10-04T20:30:00Z,GPM_3IMERGHH.07:3B-HHR.MS.MRG.3IMERG.20201004-S200000-E202959.1200.V07B.HDF5
nasa_gpm_imerg_final_v07b_portmore_october_2020,nasa_gpm_imerg/GPM_3IMERGHH_07/V07B/2020/10/3B-HHR.MS.MRG.3IMERG.20201004-S203000-E205959.1230.V07B.HDF5,3B-HHR.MS.MRG.3IMERG.20201004-S203000-E205959.1230.V07B.HDF5,https://data.gesdisc.earthdata.nasa.gov/data/GPM_L3/GPM_3IMERGHH.07/2020/278/3B-HHR.MS.MRG.3IMERG.20201004-S203000-E205959.1230.V07B.HDF5,NASA GES DISC,GPM_3IMERGHH_07 / V07B,2020,2026-08-16T05:13:02.953371Z,2026-08-16T05:35:48.301687Z,8393496,d7bf8e6f344525b5d36094d8ba13d9116e3b0856bfaca17f936ee46b8b3e1944,NASA Earth science data; retain NASA/GPM attribution and source URL,development_calibration,downloaded_at_utc is host filesystem mtime; no separate operator retrieval record was supplied.,2020-10-04T20:30:00Z,2020-10-04T21:00:00Z,GPM_3IMERGHH.07:3B-HHR.MS.MRG.3IMERG.20201004-S203000-E205959.1230.V07B.HDF5
nasa_gpm_imerg_final_v07b_portmore_october_2020,nasa_gpm_imerg/GPM_3IMERGHH_07/V07B/2020/10/3B-HHR.MS.MRG.3IMERG.20201004-S210000-E212959.1260.V07B.HDF5,3B-HHR.MS.MRG.3IMERG.20201004-S210000-E212959.1260.V07B.HDF5,https://data.gesdisc.earthdata.nasa.gov/data/GPM_L3/GPM_3IMERGHH.07/2020/278/3B-HHR.MS.MRG.3IMERG.20201004-S210000-E212959.1260.V07B.HDF5,NASA GES DISC,GPM_3IMERGHH_07 / V07B,2020,2026-08-16T05:13:04.334371Z,2026-08-16T05:35:48.323265Z,8279741,23ee4c93f41eebc63b13cafba9c4328efa6a7ecad52b1b1d974353cbea21b1cb,NASA Earth science data; retain NASA/GPM attribution and source URL,development_calibration,downloaded_at_utc is host filesystem mtime; no separate operator retrieval record was supplied.,2020-10-04T21:00:00Z,2020-10-04T21:30:00Z,GPM_3IMERGHH.07:3B-HHR.MS.MRG.3IMERG.20201004-S210000-E212959.1260.V07B.HDF5
nasa_gpm_imerg_final_v07b_portmore_october_2020,nasa_gpm_imerg/GPM_3IMERGHH_07/V07B/2020/10/3B-HHR.MS.MRG.3IMERG.20201004-S213000-E215959.1290.V07B.HDF5,3B-HHR.MS.MRG.3IMERG.20201004-S213000-E215959.1290.V07B.HDF5,https://data.gesdisc.earthdata.nasa.gov/data/GPM_L3/GPM_3IMERGHH.07/2020/278/3B-HHR.MS.MRG.3IMERG.20201004-S213000-E215959.1290.V07B.HDF5,NASA GES DISC,GPM_3IMERGHH_07 / V07B,2020,2026-08-16T05:13:05.715304Z,2026-08-16T05:35:48.344359Z,8386937,87b49a45dc51e28d56f8de593b56555ad127018cefb0c27979a80e3dad3062d2,NASA Earth science data; retain NASA/GPM attribution and source URL,development_calibration,downloaded_at_utc is host filesystem mtime; no separate operator retrieval record was supplied.,2020-10-04T21:30:00Z,2020-10-04T22:00:00Z,GPM_3IMERGHH.07:3B-HHR.MS.MRG.3IMERG.20201004-S213000-E215959.1290.V07B.HDF5
nasa_gpm_imerg_final_v07b_portmore_october_2020,nasa_gpm_imerg/GPM_3IMERGHH_07/V07B/2020/10/3B-HHR.MS.MRG.3IMERG.20201004-S220000-E222959.1320.V07B.HDF5,3B-HHR.MS.MRG.3IMERG.20201004-S220000-E222959.1320.V07B.HDF5,https://data.gesdisc.earthdata.nasa.gov/data/GPM_L3/GPM_3IMERGHH.07/2020/278/3B-HHR.MS.MRG.3IMERG.20201004-S220000-E222959.1320.V07B.HDF5,NASA GES DISC,GPM_3IMERGHH_07 / V07B,2020,2026-08-16T05:13:07.044302Z,2026-08-16T05:35:48.366684Z,8237292,122bc598f421cea0c872bb0392b488f0da371ca245b4723c70962ee4a5692786,NASA Earth science data; retain NASA/GPM attribution and source URL,development_calibration,downloaded_at_utc is host filesystem mtime; no separate operator retrieval record was supplied.,2020-10-04T22:00:00Z,2020-10-04T22:30:00Z,GPM_3IMERGHH.07:3B-HHR.MS.MRG.3IMERG.20201004-S220000-E222959.1320.V07B.HDF5
nasa_gpm_imerg_final_v07b_portmore_october_2020,nasa_gpm_imerg/GPM_3IMERGHH_07/V07B/2020/10/3B-HHR.MS.MRG.3IMERG.20201004-S223000-E225959.1350.V07B.HDF5,3B-HHR.MS.MRG.3IMERG.20201004-S223000-E225959.1350.V07B.HDF5,https://data.gesdisc.earthdata.nasa.gov/data/GPM_L3/GPM_3IMERGHH.07/2020/278/3B-HHR.MS.MRG.3IMERG.20201004-S223000-E225959.1350.V07B.HDF5,NASA GES DISC,GPM_3IMERGHH_07 / V07B,2020,2026-08-16T05:13:08.423473Z,2026-08-16T05:35:48.387347Z,8243336,c003b32e0e556799cd7f62628523e7c0e3206ba0bbda22baad1aac0b79217974,NASA Earth science data; retain NASA/GPM attribution and source URL,development_calibration,downloaded_at_utc is host filesystem mtime; no separate operator retrieval record was supplied.,2020-10-04T22:30:00Z,2020-10-04T23:00:00Z,GPM_3IMERGHH.07:3B-HHR.MS.MRG.3IMERG.20201004-S223000-E225959.1350.V07B.HDF5
nasa_gpm_imerg_final_v07b_portmore_october_2020,nasa_gpm_imerg/GPM_3IMERGHH_07/V07B/2020/10/3B-HHR.MS.MRG.3IMERG.20201004-S230000-E232959.1380.V07B.HDF5,3B-HHR.MS.MRG.3IMERG.20201004-S230000-E232959.1380.V07B.HDF5,https://data.gesdisc.earthdata.nasa.gov/data/GPM_L3/GPM_3IMERGHH.07/2020/278/3B-HHR.MS.MRG.3IMERG.20201004-S230000-E232959.1380.V07B.HDF5,NASA GES DISC,GPM_3IMERGHH_07 / V07B,2020,2026-08-16T05:13:09.756909Z,2026-08-16T05:35:48.406786Z,8185763,6c6dc23e92c3c076b1226eb04aef635d81e8901fc924214f27f92faf4c8aebe7,NASA Earth science data; retain NASA/GPM attribution and source URL,development_calibration,downloaded_at_utc is host filesystem mtime; no separate operator retrieval record was supplied.,2020-10-04T23:00:00Z,2020-10-04T23:30:00Z,GPM_3IMERGHH.07:3B-HHR.MS.MRG.3IMERG.20201004-S230000-E232959.1380.V07B.HDF5
nasa_gpm_imerg_final_v07b_portmore_october_2020,nasa_gpm_imerg/GPM_3IMERGHH_07/V07B/2020/10/3B-HHR.MS.MRG.3IMERG.20201004-S233000-E235959.1410.V07B.HDF5,3B-HHR.MS.MRG.3IMERG.20201004-S233000-E235959.1410.V07B.HDF5,https://data.gesdisc.earthdata.nasa.gov/data/GPM_L3/GPM_3IMERGHH.07/2020/278/3B-HHR.MS.MRG.3IMERG.20201004-S233000-E235959.1410.V07B.HDF5,NASA GES DISC,GPM_3IMERGHH_07 / V07B,2020,2026-08-16T05:13:11.140659Z,2026-08-16T05:35:48.427170Z,8184164,1cd569ce70eddffb845ea59bda4ce7469a110ffce9cd3fdb55e17fe56540bf9c,NASA Earth science data; retain NASA/GPM attribution and source URL,development_calibration,downloaded_at_utc is host filesystem mtime; no separate operator retrieval record was supplied.,2020-10-04T23:30:00Z,2020-10-05T00:00:00Z,GPM_3IMERGHH.07:3B-HHR.MS.MRG.3IMERG.20201004-S233000-E235959.1410.V07B.HDF5
nasa_gpm_imerg_final_v07b_portmore_october_2020,nasa_gpm_imerg/GPM_3IMERGHH_07/V07B/2020/10/3B-HHR.MS.MRG.3IMERG.20201005-S000000-E002959.0000.V07B.HDF5,3B-HHR.MS.MRG.3IMERG.20201005-S000000-E002959.0000.V07B.HDF5,https://data.gesdisc.earthdata.nasa.gov/data/GPM_L3/GPM_3IMERGHH.07/2020/279/3B-HHR.MS.MRG.3IMERG.20201005-S000000-E002959.0000.V07B.HDF5,NASA GES DISC,GPM_3IMERGHH_07 / V07B,2020,2026-08-16T05:13:12.490516Z,2026-08-16T05:35:48.447472Z,8091186,ef8617c37a4a0192295f0b55eea49160aa2f42fdcc7a917013dd9ebe05951cf8,NASA Earth science data; retain NASA/GPM attribution and source URL,development_calibration,downloaded_at_utc is host filesystem mtime; no separate operator retrieval record was supplied.,2020-10-05T00:00:00Z,2020-10-05T00:30:00Z,GPM_3IMERGHH.07:3B-HHR.MS.MRG.3IMERG.20201005-S000000-E002959.0000.V07B.HDF5
nasa_gpm_imerg_final_v07b_portmore_october_2020,nasa_gpm_imerg/GPM_3IMERGHH_07/V07B/2020/10/3B-HHR.MS.MRG.3IMERG.20201005-S003000-E005959.0030.V07B.HDF5,3B-HHR.MS.MRG.3IMERG.20201005-S003000-E005959.0030.V07B.HDF5,https://data.gesdisc.earthdata.nasa.gov/data/GPM_L3/GPM_3IMERGHH.07/2020/279/3B-HHR.MS.MRG.3IMERG.20201005-S003000-E005959.0030.V07B.HDF5,NASA GES DISC,GPM_3IMERGHH_07 / V07B,2020,2026-08-16T05:13:13.861454Z,2026-08-16T05:35:48.467382Z,8011397,965fb7d6fd21946e37e5f0468afcabd54db218d864a0247be403426480b5ecb5,NASA Earth science data; retain NASA/GPM attribution and source URL,development_calibration,downloaded_at_utc is host filesystem mtime; no separate operator retrieval record was supplied.,2020-10-05T00:30:00Z,2020-10-05T01:00:00Z,GPM_3IMERGHH.07:3B-HHR.MS.MRG.3IMERG.20201005-S003000-E005959.0030.V07B.HDF5
nasa_gpm_imerg_final_v07b_portmore_october_2020,nasa_gpm_imerg/GPM_3IMERGHH_07/V07B/2020/10/3B-HHR.MS.MRG.3IMERG.20201005-S010000-E012959.0060.V07B.HDF5,3B-HHR.MS.MRG.3IMERG.20201005-S010000-E012959.0060.V07B.HDF5,https://data.gesdisc.earthdata.nasa.gov/data/GPM_L3/GPM_3IMERGHH.07/2020/279/3B-HHR.MS.MRG.3IMERG.20201005-S010000-E012959.0060.V07B.HDF5,NASA GES DISC,GPM_3IMERGHH_07 / V07B,2020,2026-08-16T05:13:15.173059Z,2026-08-16T05:35:48.486899Z,8081315,019e26a76d073e7915ef05c0f62b1f6cfdd64f901eae27ca8bd415e041b0e2d3,NASA Earth science data; retain NASA/GPM attribution and source URL,development_calibration,downloaded_at_utc is host filesystem mtime; no separate operator retrieval record was supplied.,2020-10-05T01:00:00Z,2020-10-05T01:30:00Z,GPM_3IMERGHH.07:3B-HHR.MS.MRG.3IMERG.20201005-S010000-E012959.0060.V07B.HDF5
nasa_gpm_imerg_final_v07b_portmore_october_2020,nasa_gpm_imerg/GPM_3IMERGHH_07/V07B/2020/10/3B-HHR.MS.MRG.3IMERG.20201005-S013000-E015959.0090.V07B.HDF5,3B-HHR.MS.MRG.3IMERG.20201005-S013000-E015959.0090.V07B.HDF5,https://data.gesdisc.earthdata.nasa.gov/data/GPM_L3/GPM_3IMERGHH.07/2020/279/3B-HHR.MS.MRG.3IMERG.20201005-S013000-E015959.0090.V07B.HDF5,NASA GES DISC,GPM_3IMERGHH_07 / V07B,2020,2026-08-16T05:13:16.475387Z,2026-08-16T05:35:48.511416Z,8104495,84bd927efca35b290becfd6d0e5baec29641f6e439434a0b566328f4cb5f11bd,NASA Earth science data; retain NASA/GPM attribution and source URL,development_calibration,downloaded_at_utc is host filesystem mtime; no separate operator retrieval record was supplied.,2020-10-05T01:30:00Z,2020-10-05T02:00:00Z,GPM_3IMERGHH.07:3B-HHR.MS.MRG.3IMERG.20201005-S013000-E015959.0090.V07B.HDF5
nasa_gpm_imerg_final_v07b_portmore_october_2020,nasa_gpm_imerg/GPM_3IMERGHH_07/V07B/2020/10/3B-HHR.MS.MRG.3IMERG.20201005-S020000-E022959.0120.V07B.HDF5,3B-HHR.MS.MRG.3IMERG.20201005-S020000-E022959.0120.V07B.HDF5,https://data.gesdisc.earthdata.nasa.gov/data/GPM_L3/GPM_3IMERGHH.07/2020/279/3B-HHR.MS.MRG.3IMERG.20201005-S020000-E022959.0120.V07B.HDF5,NASA GES DISC,GPM_3IMERGHH_07 / V07B,2020,2026-08-16T05:13:17.871289Z,2026-08-16T05:35:48.535832Z,8082377,781e126f83fa560ee80be76d2fe4aeec2f526f593fcc2a543367652fab4b8074,NASA Earth science data; retain NASA/GPM attribution and source URL,development_calibration,downloaded_at_utc is host filesystem mtime; no separate operator retrieval record was supplied.,2020-10-05T02:00:00Z,2020-10-05T02:30:00Z,GPM_3IMERGHH.07:3B-HHR.MS.MRG.3IMERG.20201005-S020000-E022959.0120.V07B.HDF5
nasa_gpm_imerg_final_v07b_portmore_october_2020,nasa_gpm_imerg/GPM_3IMERGHH_07/V07B/2020/10/3B-HHR.MS.MRG.3IMERG.20201005-S023000-E025959.0150.V07B.HDF5,3B-HHR.MS.MRG.3IMERG.20201005-S023000-E025959.0150.V07B.HDF5,https://data.gesdisc.earthdata.nasa.gov/data/GPM_L3/GPM_3IMERGHH.07/2020/279/3B-HHR.MS.MRG.3IMERG.20201005-S023000-E025959.0150.V07B.HDF5,NASA GES DISC,GPM_3IMERGHH_07 / V07B,2020,2026-08-16T05:13:19.284516Z,2026-08-16T05:35:48.558407Z,8228681,fcc963f35fedfee95d9825641ac79448619450161bc730142184214ade89bc0c,NASA Earth science data; retain NASA/GPM attribution and source URL,development_calibration,downloaded_at_utc is host filesystem mtime; no separate operator retrieval record was supplied.,2020-10-05T02:30:00Z,2020-10-05T03:00:00Z,GPM_3IMERGHH.07:3B-HHR.MS.MRG.3IMERG.20201005-S023000-E025959.0150.V07B.HDF5
nasa_gpm_imerg_final_v07b_portmore_october_2020,nasa_gpm_imerg/GPM_3IMERGHH_07/V07B/2020/10/3B-HHR.MS.MRG.3IMERG.20201005-S030000-E032959.0180.V07B.HDF5,3B-HHR.MS.MRG.3IMERG.20201005-S030000-E032959.0180.V07B.HDF5,https://data.gesdisc.earthdata.nasa.gov/data/GPM_L3/GPM_3IMERGHH.07/2020/279/3B-HHR.MS.MRG.3IMERG.20201005-S030000-E032959.0180.V07B.HDF5,NASA GES DISC,GPM_3IMERGHH_07 / V07B,2020,2026-08-16T05:13:20.708690Z,2026-08-16T05:35:48.579104Z,8198361,e398e8905b79ae361aae6c784f88cfb7edcd91d2882bef485cc7999101343b2b,NASA Earth science data; retain NASA/GPM attribution and source URL,development_calibration,downloaded_at_utc is host filesystem mtime; no separate operator retrieval record was supplied.,2020-10-05T03:00:00Z,2020-10-05T03:30:00Z,GPM_3IMERGHH.07:3B-HHR.MS.MRG.3IMERG.20201005-S030000-E032959.0180.V07B.HDF5
nasa_gpm_imerg_final_v07b_portmore_october_2020,nasa_gpm_imerg/GPM_3IMERGHH_07/V07B/2020/10/3B-HHR.MS.MRG.3IMERG.20201005-S033000-E035959.0210.V07B.HDF5,3B-HHR.MS.MRG.3IMERG.20201005-S033000-E035959.0210.V07B.HDF5,https://data.gesdisc.earthdata.nasa.gov/data/GPM_L3/GPM_3IMERGHH.07/2020/279/3B-HHR.MS.MRG.3IMERG.20201005-S033000-E035959.0210.V07B.HDF5,NASA GES DISC,GPM_3IMERGHH_07 / V07B,2020,2026-08-16T05:13:23.067523Z,2026-08-16T05:35:48.598633Z,8151978,92897b58fc25b85b1546b13d3a495d634f07462a30561f808d08108d7f0c2dcb,NASA Earth science data; retain NASA/GPM attribution and source URL,development_calibration,downloaded_at_utc is host filesystem mtime; no separate operator retrieval record was supplied.,2020-10-05T03:30:00Z,2020-10-05T04:00:00Z,GPM_3IMERGHH.07:3B-HHR.MS.MRG.3IMERG.20201005-S033000-E035959.0210.V07B.HDF5
nasa_gpm_imerg_final_v07b_portmore_october_2020,nasa_gpm_imerg/GPM_3IMERGHH_07/V07B/2020/10/3B-HHR.MS.MRG.3IMERG.20201005-S040000-E042959.0240.V07B.HDF5,3B-HHR.MS.MRG.3IMERG.20201005-S040000-E042959.0240.V07B.HDF5,https://data.gesdisc.earthdata.nasa.gov/data/GPM_L3/GPM_3IMERGHH.07/2020/279/3B-HHR.MS.MRG.3IMERG.20201005-S040000-E042959.0240.V07B.HDF5,NASA GES DISC,GPM_3IMERGHH_07 / V07B,2020,2026-08-16T05:13:24.522009Z,2026-08-16T05:35:48.619234Z,8130184,759eeb4f2cc6aaee7f9ab527a7fecc8a09a24fcb8cc0f10c31ff640fb4c4f126,NASA Earth science data; retain NASA/GPM attribution and source URL,development_calibration,downloaded_at_utc is host filesystem mtime; no separate operator retrieval record was supplied.,2020-10-05T04:00:00Z,2020-10-05T04:30:00Z,GPM_3IMERGHH.07:3B-HHR.MS.MRG.3IMERG.20201005-S040000-E042959.0240.V07B.HDF5
nasa_gpm_imerg_final_v07b_portmore_october_2020,nasa_gpm_imerg/GPM_3IMERGHH_07/V07B/2020/10/3B-HHR.MS.MRG.3IMERG.20201005-S043000-E045959.0270.V07B.HDF5,3B-HHR.MS.MRG.3IMERG.20201005-S043000-E045959.0270.V07B.HDF5,https://data.gesdisc.earthdata.nasa.gov/data/GPM_L3/GPM_3IMERGHH.07/2020/279/3B-HHR.MS.MRG.3IMERG.20201005-S043000-E045959.0270.V07B.HDF5,NASA GES DISC,GPM_3IMERGHH_07 / V07B,2020,2026-08-16T05:13:25.788583Z,2026-08-16T05:35:48.639806Z,8163014,e4c93ebb1ef8b3112932835435107697d1ff249f62b065bf1bac932eda48c264,NASA Earth science data; retain NASA/GPM attribution and source URL,development_calibration,downloaded_at_utc is host filesystem mtime; no separate operator retrieval record was supplied.,2020-10-05T04:30:00Z,2020-10-05T05:00:00Z,GPM_3IMERGHH.07:3B-HHR.MS.MRG.3IMERG.20201005-S043000-E045959.0270.V07B.HDF5
nasa_gpm_imerg_final_v07b_portmore_october_2020,nasa_gpm_imerg/GPM_3IMERGHH_07/V07B/2020/10/3B-HHR.MS.MRG.3IMERG.20201005-S050000-E052959.0300.V07B.HDF5,3B-HHR.MS.MRG.3IMERG.20201005-S050000-E052959.0300.V07B.HDF5,https://data.gesdisc.earthdata.nasa.gov/data/GPM_L3/GPM_3IMERGHH.07/2020/279/3B-HHR.MS.MRG.3IMERG.20201005-S050000-E052959.0300.V07B.HDF5,NASA GES DISC,GPM_3IMERGHH_07 / V07B,2020,2026-08-16T05:13:27.095311Z,2026-08-16T05:35:48.660582Z,8203324,17e9fb79a543d0e71def4944060ce1cc4d8e7a9c77e5efa641e3aba399ca9b32,NASA Earth science data; retain NASA/GPM attribution and source URL,development_calibration,downloaded_at_utc is host filesystem mtime; no separate operator retrieval record was supplied.,2020-10-05T05:00:00Z,2020-10-05T05:30:00Z,GPM_3IMERGHH.07:3B-HHR.MS.MRG.3IMERG.20201005-S050000-E052959.0300.V07B.HDF5
nasa_gpm_imerg_final_v07b_portmore_october_2020,nasa_gpm_imerg/GPM_3IMERGHH_07/V07B/2020/10/3B-HHR.MS.MRG.3IMERG.20201005-S053000-E055959.0330.V07B.HDF5,3B-HHR.MS.MRG.3IMERG.20201005-S053000-E055959.0330.V07B.HDF5,https://data.gesdisc.earthdata.nasa.gov/data/GPM_L3/GPM_3IMERGHH.07/2020/279/3B-HHR.MS.MRG.3IMERG.20201005-S053000-E055959.0330.V07B.HDF5,NASA GES DISC,GPM_3IMERGHH_07 / V07B,2020,2026-08-16T05:13:28.527053Z,2026-08-16T05:35:48.681238Z,8135027,94326d5acce6e6893bc40e3ab7c8b28848a529809e3b2c87de99661c67a787d7,NASA Earth science data; retain NASA/GPM attribution and source URL,development_calibration,downloaded_at_utc is host filesystem mtime; no separate operator retrieval record was supplied.,2020-10-05T05:30:00Z,2020-10-05T06:00:00Z,GPM_3IMERGHH.07:3B-HHR.MS.MRG.3IMERG.20201005-S053000-E055959.0330.V07B.HDF5
nasa_gpm_imerg_final_v07b_portmore_october_2020,nasa_gpm_imerg/GPM_3IMERGHH_07/V07B/2020/10/3B-HHR.MS.MRG.3IMERG.20201005-S060000-E062959.0360.V07B.HDF5,3B-HHR.MS.MRG.3IMERG.20201005-S060000-E062959.0360.V07B.HDF5,https://data.gesdisc.earthdata.nasa.gov/data/GPM_L3/GPM_3IMERGHH.07/2020/279/3B-HHR.MS.MRG.3IMERG.20201005-S060000-E062959.0360.V07B.HDF5,NASA GES DISC,GPM_3IMERGHH_07 / V07B,2020,2026-08-16T05:13:29.927594Z,2026-08-16T05:35:48.704416Z,8225795,7e163b9b3c6415c4b3bd3e447dba94a08901fbafb285f7fa72061f68bec5904d,NASA Earth science data; retain NASA/GPM attribution and source URL,development_calibration,downloaded_at_utc is host filesystem mtime; no separate operator retrieval record was supplied.,2020-10-05T06:00:00Z,2020-10-05T06:30:00Z,GPM_3IMERGHH.07:3B-HHR.MS.MRG.3IMERG.20201005-S060000-E062959.0360.V07B.HDF5
nasa_gpm_imerg_final_v07b_portmore_october_2020,nasa_gpm_imerg/GPM_3IMERGHH_07/V07B/2020/10/3B-HHR.MS.MRG.3IMERG.20201005-S063000-E065959.0390.V07B.HDF5,3B-HHR.MS.MRG.3IMERG.20201005-S063000-E065959.0390.V07B.HDF5,https://data.gesdisc.earthdata.nasa.gov/data/GPM_L3/GPM_3IMERGHH.07/2020/279/3B-HHR.MS.MRG.3IMERG.20201005-S063000-E065959.0390.V07B.HDF5,NASA GES DISC,GPM_3IMERGHH_07 / V07B,2020,2026-08-16T05:13:31.195140Z,2026-08-16T05:35:48.725196Z,8243742,4ef832df216405c5cbe78218778ef4328c8d9af2c7e5630a07059138bfde8490,NASA Earth science data; retain NASA/GPM attribution and source URL,development_calibration,downloaded_at_utc is host filesystem mtime; no separate operator retrieval record was supplied.,2020-10-05T06:30:00Z,2020-10-05T07:00:00Z,GPM_3IMERGHH.07:3B-HHR.MS.MRG.3IMERG.20201005-S063000-E065959.0390.V07B.HDF5
nasa_gpm_imerg_final_v07b_portmore_october_2020,nasa_gpm_imerg/GPM_3IMERGHH_07/V07B/2020/10/3B-HHR.MS.MRG.3IMERG.20201005-S070000-E072959.0420.V07B.HDF5,3B-HHR.MS.MRG.3IMERG.20201005-S070000-E072959.0420.V07B.HDF5,https://data.gesdisc.earthdata.nasa.gov/data/GPM_L3/GPM_3IMERGHH.07/2020/279/3B-HHR.MS.MRG.3IMERG.20201005-S070000-E072959.0420.V07B.HDF5,NASA GES DISC,GPM_3IMERGHH_07 / V07B,2020,2026-08-16T05:13:32.500229Z,2026-08-16T05:35:48.749906Z,8376525,cb572458ae26a4087c1fe6f6c3eddd633b8dbccde9c52b13381a3fb49b71db9c,NASA Earth science data; retain NASA/GPM attribution and source URL,development_calibration,downloaded_at_utc is host filesystem mtime; no separate operator retrieval record was supplied.,2020-10-05T07:00:00Z,2020-10-05T07:30:00Z,GPM_3IMERGHH.07:3B-HHR.MS.MRG.3IMERG.20201005-S070000-E072959.0420.V07B.HDF5
nasa_gpm_imerg_final_v07b_portmore_october_2020,nasa_gpm_imerg/GPM_3IMERGHH_07/V07B/2020/10/3B-HHR.MS.MRG.3IMERG.20201005-S073000-E075959.0450.V07B.HDF5,3B-HHR.MS.MRG.3IMERG.20201005-S073000-E075959.0450.V07B.HDF5,https://data.gesdisc.earthdata.nasa.gov/data/GPM_L3/GPM_3IMERGHH.07/2020/279/3B-HHR.MS.MRG.3IMERG.20201005-S073000-E075959.0450.V07B.HDF5,NASA GES DISC,GPM_3IMERGHH_07 / V07B,2020,2026-08-16T05:13:33.965975Z,2026-08-16T05:35:48.769791Z,8374363,1f40ea70229a4ad0c67d4f3a566b1b5e3076977e0bab24b924c947310911360b,NASA Earth science data; retain NASA/GPM attribution and source URL,development_calibration,downloaded_at_utc is host filesystem mtime; no separate operator retrieval record was supplied.,2020-10-05T07:30:00Z,2020-10-05T08:00:00Z,GPM_3IMERGHH.07:3B-HHR.MS.MRG.3IMERG.20201005-S073000-E075959.0450.V07B.HDF5
nasa_gpm_imerg_final_v07b_portmore_october_2020,nasa_gpm_imerg/GPM_3IMERGHH_07/V07B/2020/10/3B-HHR.MS.MRG.3IMERG.20201005-S080000-E082959.0480.V07B.HDF5,3B-HHR.MS.MRG.3IMERG.20201005-S080000-E082959.0480.V07B.HDF5,https://data.gesdisc.earthdata.nasa.gov/data/GPM_L3/GPM_3IMERGHH.07/2020/279/3B-HHR.MS.MRG.3IMERG.20201005-S080000-E082959.0480.V07B.HDF5,NASA GES DISC,GPM_3IMERGHH_07 / V07B,2020,2026-08-16T05:13:35.380187Z,2026-08-16T05:35:48.790259Z,8290549,e5348c4ebcb99ad84df51d9f857015eeb1e92d648dedbb47a5c49677f20d350a,NASA Earth science data; retain NASA/GPM attribution and source URL,development_calibration,downloaded_at_utc is host filesystem mtime; no separate operator retrieval record was supplied.,2020-10-05T08:00:00Z,2020-10-05T08:30:00Z,GPM_3IMERGHH.07:3B-HHR.MS.MRG.3IMERG.20201005-S080000-E082959.0480.V07B.HDF5
nasa_gpm_imerg_final_v07b_portmore_october_2020,nasa_gpm_imerg/GPM_3IMERGHH_07/V07B/2020/10/3B-HHR.MS.MRG.3IMERG.20201005-S083000-E085959.0510.V07B.HDF5,3B-HHR.MS.MRG.3IMERG.20201005-S083000-E085959.0510.V07B.HDF5,https://data.gesdisc.earthdata.nasa.gov/data/GPM_L3/GPM_3IMERGHH.07/2020/279/3B-HHR.MS.MRG.3IMERG.20201005-S083000-E085959.0510.V07B.HDF5,NASA GES DISC,GPM_3IMERGHH_07 / V07B,2020,2026-08-16T05:13:36.715540Z,2026-08-16T05:35:48.812691Z,8253564,d223f35dcbaa96c711ce071f95d809705ab19199cbaf61b67e177674ca0a5fda,NASA Earth science data; retain NASA/GPM attribution and source URL,development_calibration,downloaded_at_utc is host filesystem mtime; no separate operator retrieval record was supplied.,2020-10-05T08:30:00Z,2020-10-05T09:00:00Z,GPM_3IMERGHH.07:3B-HHR.MS.MRG.3IMERG.20201005-S083000-E085959.0510.V07B.HDF5
nasa_gpm_imerg_final_v07b_portmore_october_2020,nasa_gpm_imerg/GPM_3IMERGHH_07/V07B/2020/10/3B-HHR.MS.MRG.3IMERG.20201005-S090000-E092959.0540.V07B.HDF5,3B-HHR.MS.MRG.3IMERG.20201005-S090000-E092959.0540.V07B.HDF5,https://data.gesdisc.earthdata.nasa.gov/data/GPM_L3/GPM_3IMERGHH.07/2020/279/3B-HHR.MS.MRG.3IMERG.20201005-S090000-E092959.0540.V07B.HDF5,NASA GES DISC,GPM_3IMERGHH_07 / V07B,2020,2026-08-16T05:13:37.996761Z,2026-08-16T05:35:48.833385Z,8236827,0ec285881effe51b137d7645ed953d17e3f780778cd4701096183a05696624f1,NASA Earth science data; retain NASA/GPM attribution and source URL,development_calibration,downloaded_at_utc is host filesystem mtime; no separate operator retrieval record was supplied.,2020-10-05T09:00:00Z,2020-10-05T09:30:00Z,GPM_3IMERGHH.07:3B-HHR.MS.MRG.3IMERG.20201005-S090000-E092959.0540.V07B.HDF5
nasa_gpm_imerg_final_v07b_portmore_october_2020,nasa_gpm_imerg/GPM_3IMERGHH_07/V07B/2020/10/3B-HHR.MS.MRG.3IMERG.20201005-S093000-E095959.0570.V07B.HDF5,3B-HHR.MS.MRG.3IMERG.20201005-S093000-E095959.0570.V07B.HDF5,https://data.gesdisc.earthdata.nasa.gov/data/GPM_L3/GPM_3IMERGHH.07/2020/279/3B-HHR.MS.MRG.3IMERG.20201005-S093000-E095959.0570.V07B.HDF5,NASA GES DISC,GPM_3IMERGHH_07 / V07B,2020,2026-08-16T05:13:39.313888Z,2026-08-16T05:35:48.853788Z,8190631,8df9ecd7f9fc9c33dfa23d8a831e4e433d1636ff9701d7aa59775e00da49f4ea,NASA Earth science data; retain NASA/GPM attribution and source URL,development_calibration,downloaded_at_utc is host filesystem mtime; no separate operator retrieval record was supplied.,2020-10-05T09:30:00Z,2020-10-05T10:00:00Z,GPM_3IMERGHH.07:3B-HHR.MS.MRG.3IMERG.20201005-S093000-E095959.0570.V07B.HDF5
nasa_gpm_imerg_final_v07b_portmore_october_2020,nasa_gpm_imerg/GPM_3IMERGHH_07/V07B/2020/10/3B-HHR.MS.MRG.3IMERG.20201005-S100000-E102959.0600.V07B.HDF5,3B-HHR.MS.MRG.3IMERG.20201005-S100000-E102959.0600.V07B.HDF5,https://data.gesdisc.earthdata.nasa.gov/data/GPM_L3/GPM_3IMERGHH.07/2020/279/3B-HHR.MS.MRG.3IMERG.20201005-S100000-E102959.0600.V07B.HDF5,NASA GES DISC,GPM_3IMERGHH_07 / V07B,2020,2026-08-16T05:13:40.584503Z,2026-08-16T05:35:48.875789Z,8275309,84916f872cf6872fd406b7d71ff462b69eb41dca5c79b46525c407aa66da099d,NASA Earth science data; retain NASA/GPM attribution and source URL,development_calibration,downloaded_at_utc is host filesystem mtime; no separate operator retrieval record was supplied.,2020-10-05T10:00:00Z,2020-10-05T10:30:00Z,GPM_3IMERGHH.07:3B-HHR.MS.MRG.3IMERG.20201005-S100000-E102959.0600.V07B.HDF5
nasa_gpm_imerg_final_v07b_portmore_october_2020,nasa_gpm_imerg/GPM_3IMERGHH_07/V07B/2020/10/3B-HHR.MS.MRG.3IMERG.20201005-S103000-E105959.0630.V07B.HDF5,3B-HHR.MS.MRG.3IMERG.20201005-S103000-E105959.0630.V07B.HDF5,https://data.gesdisc.earthdata.nasa.gov/data/GPM_L3/GPM_3IMERGHH.07/2020/279/3B-HHR.MS.MRG.3IMERG.20201005-S103000-E105959.0630.V07B.HDF5,NASA GES DISC,GPM_3IMERGHH_07 / V07B,2020,2026-08-16T05:13:41.856950Z,2026-08-16T05:35:48.897512Z,8268505,f3b0b765540b72cfd245d2ff36348f97392b75c52da141b4bed4eecd30469b0b,NASA Earth science data; retain NASA/GPM attribution and source URL,development_calibration,downloaded_at_utc is host filesystem mtime; no separate operator retrieval record was supplied.,2020-10-05T10:30:00Z,2020-10-05T11:00:00Z,GPM_3IMERGHH.07:3B-HHR.MS.MRG.3IMERG.20201005-S103000-E105959.0630.V07B.HDF5
nasa_gpm_imerg_final_v07b_portmore_october_2020,nasa_gpm_imerg/GPM_3IMERGHH_07/V07B/2020/10/3B-HHR.MS.MRG.3IMERG.20201005-S110000-E112959.0660.V07B.HDF5,3B-HHR.MS.MRG.3IMERG.20201005-S110000-E112959.0660.V07B.HDF5,https://data.gesdisc.earthdata.nasa.gov/data/GPM_L3/GPM_3IMERGHH.07/2020/279/3B-HHR.MS.MRG.3IMERG.20201005-S110000-E112959.0660.V07B.HDF5,NASA GES DISC,GPM_3IMERGHH_07 / V07B,2020,2026-08-16T05:13:43.205676Z,2026-08-16T05:35:48.919220Z,8302397,fec2dd04e25367cc8962de9c50b9ab39e65a504922f96ce3a3626850d5f663e6,NASA Earth science data; retain NASA/GPM attribution and source URL,development_calibration,downloaded_at_utc is host filesystem mtime; no separate operator retrieval record was supplied.,2020-10-05T11:00:00Z,2020-10-05T11:30:00Z,GPM_3IMERGHH.07:3B-HHR.MS.MRG.3IMERG.20201005-S110000-E112959.0660.V07B.HDF5
nasa_gpm_imerg_final_v07b_portmore_october_2020,nasa_gpm_imerg/GPM_3IMERGHH_07/V07B/2020/10/3B-HHR.MS.MRG.3IMERG.20201005-S113000-E115959.0690.V07B.HDF5,3B-HHR.MS.MRG.3IMERG.20201005-S113000-E115959.0690.V07B.HDF5,https://data.gesdisc.earthdata.nasa.gov/data/GPM_L3/GPM_3IMERGHH.07/2020/279/3B-HHR.MS.MRG.3IMERG.20201005-S113000-E115959.0690.V07B.HDF5,NASA GES DISC,GPM_3IMERGHH_07 / V07B,2020,2026-08-16T05:13:44.621824Z,2026-08-16T05:35:48.939508Z,8459841,8a26d25d8b0119ed54986e39266d1100934effa66ab316babd1fcf586c4451ea,NASA Earth science data; retain NASA/GPM attribution and source URL,development_calibration,downloaded_at_utc is host filesystem mtime; no separate operator retrieval record was supplied.,2020-10-05T11:30:00Z,2020-10-05T12:00:00Z,GPM_3IMERGHH.07:3B-HHR.MS.MRG.3IMERG.20201005-S113000-E115959.0690.V07B.HDF5
nasa_gpm_imerg_final_v07b_portmore_october_2020,nasa_gpm_imerg/GPM_3IMERGHH_07/V07B/2020/10/3B-HHR.MS.MRG.3IMERG.20201005-S120000-E122959.0720.V07B.HDF5,3B-HHR.MS.MRG.3IMERG.20201005-S120000-E122959.0720.V07B.HDF5,https://data.gesdisc.earthdata.nasa.gov/data/GPM_L3/GPM_3IMERGHH.07/2020/279/3B-HHR.MS.MRG.3IMERG.20201005-S120000-E122959.0720.V07B.HDF5,NASA GES DISC,GPM_3IMERGHH_07 / V07B,2020,2026-08-16T05:13:45.908061Z,2026-08-16T05:35:48.959296Z,8437200,54765e2ae29411f330c9cbb5f3de893df921b7b554aa4894750fa34322ebb29c,NASA Earth science data; retain NASA/GPM attribution and source URL,development_calibration,downloaded_at_utc is host filesystem mtime; no separate operator retrieval record was supplied.,2020-10-05T12:00:00Z,2020-10-05T12:30:00Z,GPM_3IMERGHH.07:3B-HHR.MS.MRG.3IMERG.20201005-S120000-E122959.0720.V07B.HDF5
nasa_gpm_imerg_final_v07b_portmore_october_2020,nasa_gpm_imerg/GPM_3IMERGHH_07/V07B/2020/10/3B-HHR.MS.MRG.3IMERG.20201005-S123000-E125959.0750.V07B.HDF5,3B-HHR.MS.MRG.3IMERG.20201005-S123000-E125959.0750.V07B.HDF5,https://data.gesdisc.earthdata.nasa.gov/data/GPM_L3/GPM_3IMERGHH.07/2020/279/3B-HHR.MS.MRG.3IMERG.20201005-S123000-E125959.0750.V07B.HDF5,NASA GES DISC,GPM_3IMERGHH_07 / V07B,2020,2026-08-16T05:13:47.171977Z,2026-08-16T05:35:48.980035Z,8454644,101edd3b55fb1438359d994f0ea78724e7aba0d1969b91a299d3ff8d394009c4,NASA Earth science data; retain NASA/GPM attribution and source URL,development_calibration,downloaded_at_utc is host filesystem mtime; no separate operator retrieval record was supplied.,2020-10-05T12:30:00Z,2020-10-05T13:00:00Z,GPM_3IMERGHH.07:3B-HHR.MS.MRG.3IMERG.20201005-S123000-E125959.0750.V07B.HDF5
nasa_gpm_imerg_final_v07b_portmore_october_2020,nasa_gpm_imerg/GPM_3IMERGHH_07/V07B/2020/10/3B-HHR.MS.MRG.3IMERG.20201005-S130000-E132959.0780.V07B.HDF5,3B-HHR.MS.MRG.3IMERG.20201005-S130000-E132959.0780.V07B.HDF5,https://data.gesdisc.earthdata.nasa.gov/data/GPM_L3/GPM_3IMERGHH.07/2020/279/3B-HHR.MS.MRG.3IMERG.20201005-S130000-E132959.0780.V07B.HDF5,NASA GES DISC,GPM_3IMERGHH_07 / V07B,2020,2026-08-16T05:13:48.424325Z,2026-08-16T05:35:49.000333Z,8406495,daf4b71c71a6ecb06d62b7faebb0e3fdece94495a4dcabe19224b3f479ce7383,NASA Earth science data; retain NASA/GPM attribution and source URL,development_calibration,downloaded_at_utc is host filesystem mtime; no separate operator retrieval record was supplied.,2020-10-05T13:00:00Z,2020-10-05T13:30:00Z,GPM_3IMERGHH.07:3B-HHR.MS.MRG.3IMERG.20201005-S130000-E132959.0780.V07B.HDF5
nasa_gpm_imerg_final_v07b_portmore_october_2020,nasa_gpm_imerg/GPM_3IMERGHH_07/V07B/2020/10/3B-HHR.MS.MRG.3IMERG.20201005-S133000-E135959.0810.V07B.HDF5,3B-HHR.MS.MRG.3IMERG.20201005-S133000-E135959.0810.V07B.HDF5,https://data.gesdisc.earthdata.nasa.gov/data/GPM_L3/GPM_3IMERGHH.07/2020/279/3B-HHR.MS.MRG.3IMERG.20201005-S133000-E135959.0810.V07B.HDF5,NASA GES DISC,GPM_3IMERGHH_07 / V07B,2020,2026-08-16T05:13:49.796928Z,2026-08-16T05:35:49.021423Z,8445708,ff551220e3a3b9b285d4d1f701604310510ab5299f8eea49f23de52530747e9e,NASA Earth science data; retain NASA/GPM attribution and source URL,development_calibration,downloaded_at_utc is host filesystem mtime; no separate operator retrieval record was supplied.,2020-10-05T13:30:00Z,2020-10-05T14:00:00Z,GPM_3IMERGHH.07:3B-HHR.MS.MRG.3IMERG.20201005-S133000-E135959.0810.V07B.HDF5
nasa_gpm_imerg_final_v07b_portmore_october_2020,nasa_gpm_imerg/GPM_3IMERGHH_07/V07B/2020/10/3B-HHR.MS.MRG.3IMERG.20201005-S140000-E142959.0840.V07B.HDF5,3B-HHR.MS.MRG.3IMERG.20201005-S140000-E142959.0840.V07B.HDF5,https://data.gesdisc.earthdata.nasa.gov/data/GPM_L3/GPM_3IMERGHH.07/2020/279/3B-HHR.MS.MRG.3IMERG.20201005-S140000-E142959.0840.V07B.HDF5,NASA GES DISC,GPM_3IMERGHH_07 / V07B,2020,2026-08-16T05:13:51.072933Z,2026-08-16T05:35:49.042183Z,8403688,3627df91355e54ec056db61a15e9c389af9a8a1dc6e7c98c75d16da45abab3e4,NASA Earth science data; retain NASA/GPM attribution and source URL,development_calibration,downloaded_at_utc is host filesystem mtime; no separate operator retrieval record was supplied.,2020-10-05T14:00:00Z,2020-10-05T14:30:00Z,GPM_3IMERGHH.07:3B-HHR.MS.MRG.3IMERG.20201005-S140000-E142959.0840.V07B.HDF5
nasa_gpm_imerg_final_v07b_portmore_october_2020,nasa_gpm_imerg/GPM_3IMERGHH_07/V07B/2020/10/3B-HHR.MS.MRG.3IMERG.20201005-S143000-E145959.0870.V07B.HDF5,3B-HHR.MS.MRG.3IMERG.20201005-S143000-E145959.0870.V07B.HDF5,https://data.gesdisc.earthdata.nasa.gov/data/GPM_L3/GPM_3IMERGHH.07/2020/279/3B-HHR.MS.MRG.3IMERG.20201005-S143000-E145959.0870.V07B.HDF5,NASA GES DISC,GPM_3IMERGHH_07 / V07B,2020,2026-08-16T05:13:52.445328Z,2026-08-16T05:35:49.064089Z,8366400,3d49d14593c5018a422d3386059d8cf92d9cd4f41560e8a19cac8e9083640940,NASA Earth science data; retain NASA/GPM attribution and source URL,development_calibration,downloaded_at_utc is host filesystem mtime; no separate operator retrieval record was supplied.,2020-10-05T14:30:00Z,2020-10-05T15:00:00Z,GPM_3IMERGHH.07:3B-HHR.MS.MRG.3IMERG.20201005-S143000-E145959.0870.V07B.HDF5
nasa_gpm_imerg_final_v07b_portmore_october_2020,nasa_gpm_imerg/GPM_3IMERGHH_07/V07B/2020/10/3B-HHR.MS.MRG.3IMERG.20201005-S150000-E152959.0900.V07B.HDF5,3B-HHR.MS.MRG.3IMERG.20201005-S150000-E152959.0900.V07B.HDF5,https://data.gesdisc.earthdata.nasa.gov/data/GPM_L3/GPM_3IMERGHH.07/2020/279/3B-HHR.MS.MRG.3IMERG.20201005-S150000-E152959.0900.V07B.HDF5,NASA GES DISC,GPM_3IMERGHH_07 / V07B,2020,2026-08-16T05:13:53.916552Z,2026-08-16T05:35:49.084791Z,8525611,aa54ec8c67a37021b6e273e01ae88f244cf02a33f2d7e67625e10e1b55b3a4c2,NASA Earth science data; retain NASA/GPM attribution and source URL,development_calibration,downloaded_at_utc is host filesystem mtime; no separate operator retrieval record was supplied.,2020-10-05T15:00:00Z,2020-10-05T15:30:00Z,GPM_3IMERGHH.07:3B-HHR.MS.MRG.3IMERG.20201005-S150000-E152959.0900.V07B.HDF5
nasa_gpm_imerg_final_v07b_portmore_october_2020,nasa_gpm_imerg/GPM_3IMERGHH_07/V07B/2020/10/3B-HHR.MS.MRG.3IMERG.20201005-S153000-E155959.0930.V07B.HDF5,3B-HHR.MS.MRG.3IMERG.20201005-S153000-E155959.0930.V07B.HDF5,https://data.gesdisc.earthdata.nasa.gov/data/GPM_L3/GPM_3IMERGHH.07/2020/279/3B-HHR.MS.MRG.3IMERG.20201005-S153000-E155959.0930.V07B.HDF5,NASA GES DISC,GPM_3IMERGHH_07 / V07B,2020,2026-08-16T05:13:55.197156Z,2026-08-16T05:35:49.107100Z,8515976,a555d8b0ae47f5d0e45cf33ec9ab153dcbbf5af091c7170ed1b5e7ee285ade2e,NASA Earth science data; retain NASA/GPM attribution and source URL,development_calibration,downloaded_at_utc is host filesystem mtime; no separate operator retrieval record was supplied.,2020-10-05T15:30:00Z,2020-10-05T16:00:00Z,GPM_3IMERGHH.07:3B-HHR.MS.MRG.3IMERG.20201005-S153000-E155959.0930.V07B.HDF5
nasa_gpm_imerg_final_v07b_portmore_october_2020,nasa_gpm_imerg/GPM_3IMERGHH_07/V07B/2020/10/3B-HHR.MS.MRG.3IMERG.20201005-S160000-E162959.0960.V07B.HDF5,3B-HHR.MS.MRG.3IMERG.20201005-S160000-E162959.0960.V07B.HDF5,https://data.gesdisc.earthdata.nasa.gov/data/GPM_L3/GPM_3IMERGHH.07/2020/279/3B-HHR.MS.MRG.3IMERG.20201005-S160000-E162959.0960.V07B.HDF5,NASA GES DISC,GPM_3IMERGHH_07 / V07B,2020,2026-08-16T05:13:56.565861Z,2026-08-16T05:35:49.129038Z,8378720,0f54648a5d4141a1926b816fd3bc5a7afb7c066a67540a1760c1021a3400945d,NASA Earth science data; retain NASA/GPM attribution and source URL,development_calibration,downloaded_at_utc is host filesystem mtime; no separate operator retrieval record was supplied.,2020-10-05T16:00:00Z,2020-10-05T16:30:00Z,GPM_3IMERGHH.07:3B-HHR.MS.MRG.3IMERG.20201005-S160000-E162959.0960.V07B.HDF5
nasa_gpm_imerg_final_v07b_portmore_october_2020,nasa_gpm_imerg/GPM_3IMERGHH_07/V07B/2020/10/3B-HHR.MS.MRG.3IMERG.20201005-S163000-E165959.0990.V07B.HDF5,3B-HHR.MS.MRG.3IMERG.20201005-S163000-E165959.0990.V07B.HDF5,https://data.gesdisc.earthdata.nasa.gov/data/GPM_L3/GPM_3IMERGHH.07/2020/279/3B-HHR.MS.MRG.3IMERG.20201005-S163000-E165959.0990.V07B.HDF5,NASA GES DISC,GPM_3IMERGHH_07 / V07B,2020,2026-08-16T05:13:57.865476Z,2026-08-16T05:35:49.150195Z,8463098,040b0e833ed0947fb700359336c5b093d2a125e104d3781b121e781e8e781f37,NASA Earth science data; retain NASA/GPM attribution and source URL,development_calibration,downloaded_at_utc is host filesystem mtime; no separate operator retrieval record was supplied.,2020-10-05T16:30:00Z,2020-10-05T17:00:00Z,GPM_3IMERGHH.07:3B-HHR.MS.MRG.3IMERG.20201005-S163000-E165959.0990.V07B.HDF5
nasa_gpm_imerg_final_v07b_portmore_october_2020,nasa_gpm_imerg/GPM_3IMERGHH_07/V07B/2020/10/3B-HHR.MS.MRG.3IMERG.20201005-S170000-E172959.1020.V07B.HDF5,3B-HHR.MS.MRG.3IMERG.20201005-S170000-E172959.1020.V07B.HDF5,https://data.gesdisc.earthdata.nasa.gov/data/GPM_L3/GPM_3IMERGHH.07/2020/279/3B-HHR.MS.MRG.3IMERG.20201005-S170000-E172959.1020.V07B.HDF5,NASA GES DISC,GPM_3IMERGHH_07 / V07B,2020,2026-08-16T05:13:59.194687Z,2026-08-16T05:35:49.171689Z,8346134,cbdd7343275dde8574020cd823305dd9956606da1aa1087f92470829a1f7c3ba,NASA Earth science data; retain NASA/GPM attribution and source URL,development_calibration,downloaded_at_utc is host filesystem mtime; no separate operator retrieval record was supplied.,2020-10-05T17:00:00Z,2020-10-05T17:30:00Z,GPM_3IMERGHH.07:3B-HHR.MS.MRG.3IMERG.20201005-S170000-E172959.1020.V07B.HDF5
nasa_gpm_imerg_final_v07b_portmore_october_2020,nasa_gpm_imerg/GPM_3IMERGHH_07/V07B/2020/10/3B-HHR.MS.MRG.3IMERG.20201005-S173000-E175959.1050.V07B.HDF5,3B-HHR.MS.MRG.3IMERG.20201005-S173000-E175959.1050.V07B.HDF5,https://data.gesdisc.earthdata.nasa.gov/data/GPM_L3/GPM_3IMERGHH.07/2020/279/3B-HHR.MS.MRG.3IMERG.20201005-S173000-E175959.1050.V07B.HDF5,NASA GES DISC,GPM_3IMERGHH_07 / V07B,2020,2026-08-16T05:14:00.553045Z,2026-08-16T05:35:49.191788Z,8384083,959888fdf34062dd1727dc575ccbf7fcf6a797c7527eabd8a17a96a2caba519a,NASA Earth science data; retain NASA/GPM attribution and source URL,development_calibration,downloaded_at_utc is host filesystem mtime; no separate operator retrieval record was supplied.,2020-10-05T17:30:00Z,2020-10-05T18:00:00Z,GPM_3IMERGHH.07:3B-HHR.MS.MRG.3IMERG.20201005-S173000-E175959.1050.V07B.HDF5
nasa_gpm_imerg_final_v07b_portmore_october_2020,nasa_gpm_imerg/GPM_3IMERGHH_07/V07B/2020/10/3B-HHR.MS.MRG.3IMERG.20201005-S180000-E182959.1080.V07B.HDF5,3B-HHR.MS.MRG.3IMERG.20201005-S180000-E182959.1080.V07B.HDF5,https://data.gesdisc.earthdata.nasa.gov/data/GPM_L3/GPM_3IMERGHH.07/2020/279/3B-HHR.MS.MRG.3IMERG.20201005-S180000-E182959.1080.V07B.HDF5,NASA GES DISC,GPM_3IMERGHH_07 / V07B,2020,2026-08-16T05:14:01.772766Z,2026-08-16T05:35:49.212255Z,8369691,d01e614b22a4b1fee025c15284470b9643b712be8d9a493316a6ba7f4045cb35,NASA Earth science data; retain NASA/GPM attribution and source URL,development_calibration,downloaded_at_utc is host filesystem mtime; no separate operator retrieval record was supplied.,2020-10-05T18:00:00Z,2020-10-05T18:30:00Z,GPM_3IMERGHH.07:3B-HHR.MS.MRG.3IMERG.20201005-S180000-E182959.1080.V07B.HDF5
nasa_gpm_imerg_final_v07b_portmore_october_2020,nasa_gpm_imerg/GPM_3IMERGHH_07/V07B/2020/10/3B-HHR.MS.MRG.3IMERG.20201005-S183000-E185959.1110.V07B.HDF5,3B-HHR.MS.MRG.3IMERG.20201005-S183000-E185959.1110.V07B.HDF5,https://data.gesdisc.earthdata.nasa.gov/data/GPM_L3/GPM_3IMERGHH.07/2020/279/3B-HHR.MS.MRG.3IMERG.20201005-S183000-E185959.1110.V07B.HDF5,NASA GES DISC,GPM_3IMERGHH_07 / V07B,2020,2026-08-16T05:14:03.146591Z,2026-08-16T05:35:49.233445Z,8435372,2c3fa288ce20396c67965501d5f6a9e4ad7436c497d65cf63bb7391b938d9a50,NASA Earth science data; retain NASA/GPM attribution and source URL,development_calibration,downloaded_at_utc is host filesystem mtime; no separate operator retrieval record was supplied.,2020-10-05T18:30:00Z,2020-10-05T19:00:00Z,GPM_3IMERGHH.07:3B-HHR.MS.MRG.3IMERG.20201005-S183000-E185959.1110.V07B.HDF5
nasa_gpm_imerg_final_v07b_portmore_october_2020,nasa_gpm_imerg/GPM_3IMERGHH_07/V07B/2020/10/3B-HHR.MS.MRG.3IMERG.20201005-S190000-E192959.1140.V07B.HDF5,3B-HHR.MS.MRG.3IMERG.20201005-S190000-E192959.1140.V07B.HDF5,https://data.gesdisc.earthdata.nasa.gov/data/GPM_L3/GPM_3IMERGHH.07/2020/279/3B-HHR.MS.MRG.3IMERG.20201005-S190000-E192959.1140.V07B.HDF5,NASA GES DISC,GPM_3IMERGHH_07 / V07B,2020,2026-08-16T05:14:04.739898Z,2026-08-16T05:35:49.255005Z,8388956,073ad97d74d7e167a615d64d835043e0a991aca5f105d2686540100c4d7445fc,NASA Earth science data; retain NASA/GPM attribution and source URL,development_calibration,downloaded_at_utc is host filesystem mtime; no separate operator retrieval record was supplied.,2020-10-05T19:00:00Z,2020-10-05T19:30:00Z,GPM_3IMERGHH.07:3B-HHR.MS.MRG.3IMERG.20201005-S190000-E192959.1140.V07B.HDF5
nasa_gpm_imerg_final_v07b_portmore_october_2020,nasa_gpm_imerg/GPM_3IMERGHH_07/V07B/2020/10/3B-HHR.MS.MRG.3IMERG.20201005-S193000-E195959.1170.V07B.HDF5,3B-HHR.MS.MRG.3IMERG.20201005-S193000-E195959.1170.V07B.HDF5,https://data.gesdisc.earthdata.nasa.gov/data/GPM_L3/GPM_3IMERGHH.07/2020/279/3B-HHR.MS.MRG.3IMERG.20201005-S193000-E195959.1170.V07B.HDF5,NASA GES DISC,GPM_3IMERGHH_07 / V07B,2020,2026-08-16T05:14:06.345848Z,2026-08-16T05:35:49.276332Z,8346782,c06f3e9e7b083f0181aea6aa431540c888f035f9b87ea8ef62893d275c912761,NASA Earth science data; retain NASA/GPM attribution and source URL,development_calibration,downloaded_at_utc is host filesystem mtime; no separate operator retrieval record was supplied.,2020-10-05T19:30:00Z,2020-10-05T20:00:00Z,GPM_3IMERGHH.07:3B-HHR.MS.MRG.3IMERG.20201005-S193000-E195959.1170.V07B.HDF5
nasa_gpm_imerg_final_v07b_portmore_october_2020,nasa_gpm_imerg/GPM_3IMERGHH_07/V07B/2020/10/3B-HHR.MS.MRG.3IMERG.20201005-S200000-E202959.1200.V07B.HDF5,3B-HHR.MS.MRG.3IMERG.20201005-S200000-E202959.1200.V07B.HDF5,https://data.gesdisc.earthdata.nasa.gov/data/GPM_L3/GPM_3IMERGHH.07/2020/279/3B-HHR.MS.MRG.3IMERG.20201005-S200000-E202959.1200.V07B.HDF5,NASA GES DISC,GPM_3IMERGHH_07 / V07B,2020,2026-08-16T05:14:07.753876Z,2026-08-16T05:35:49.297893Z,8440080,19936eee2eff2dd648be0a6d0376ca1d43a20381e842b5a7da73adf0d91f123d,NASA Earth science data; retain NASA/GPM attribution and source URL,development_calibration,downloaded_at_utc is host filesystem mtime; no separate operator retrieval record was supplied.,2020-10-05T20:00:00Z,2020-10-05T20:30:00Z,GPM_3IMERGHH.07:3B-HHR.MS.MRG.3IMERG.20201005-S200000-E202959.1200.V07B.HDF5
nasa_gpm_imerg_final_v07b_portmore_october_2020,nasa_gpm_imerg/GPM_3IMERGHH_07/V07B/2020/10/3B-HHR.MS.MRG.3IMERG.20201005-S203000-E205959.1230.V07B.HDF5,3B-HHR.MS.MRG.3IMERG.20201005-S203000-E205959.1230.V07B.HDF5,https://data.gesdisc.earthdata.nasa.gov/data/GPM_L3/GPM_3IMERGHH.07/2020/279/3B-HHR.MS.MRG.3IMERG.20201005-S203000-E205959.1230.V07B.HDF5,NASA GES DISC,GPM_3IMERGHH_07 / V07B,2020,2026-08-16T05:14:09.038396Z,2026-08-16T05:35:49.318575Z,8309281,59b5c2c7b66a72e527bbee1f536129b93192bed52fdf7b7e8d6b4797e96606f9,NASA Earth science data; retain NASA/GPM attribution and source URL,development_calibration,downloaded_at_utc is host filesystem mtime; no separate operator retrieval record was supplied.,2020-10-05T20:30:00Z,2020-10-05T21:00:00Z,GPM_3IMERGHH.07:3B-HHR.MS.MRG.3IMERG.20201005-S203000-E205959.1230.V07B.HDF5
nasa_gpm_imerg_final_v07b_portmore_october_2020,nasa_gpm_imerg/GPM_3IMERGHH_07/V07B/2020/10/3B-HHR.MS.MRG.3IMERG.20201005-S210000-E212959.1260.V07B.HDF5,3B-HHR.MS.MRG.3IMERG.20201005-S210000-E212959.1260.V07B.HDF5,https://data.gesdisc.earthdata.nasa.gov/data/GPM_L3/GPM_3IMERGHH.07/2020/279/3B-HHR.MS.MRG.3IMERG.20201005-S210000-E212959.1260.V07B.HDF5,NASA GES DISC,GPM_3IMERGHH_07 / V07B,2020,2026-08-16T05:14:10.446518Z,2026-08-16T05:35:49.339687Z,8408960,760ebbf13899ce734042104b2c0585ed1aa8fccad76949e72d959ccefeed1054,NASA Earth science data; retain NASA/GPM attribution and source URL,development_calibration,downloaded_at_utc is host filesystem mtime; no separate operator retrieval record was supplied.,2020-10-05T21:00:00Z,2020-10-05T21:30:00Z,GPM_3IMERGHH.07:3B-HHR.MS.MRG.3IMERG.20201005-S210000-E212959.1260.V07B.HDF5
nasa_gpm_imerg_final_v07b_portmore_october_2020,nasa_gpm_imerg/GPM_3IMERGHH_07/V07B/2020/10/3B-HHR.MS.MRG.3IMERG.20201005-S213000-E215959.1290.V07B.HDF5,3B-HHR.MS.MRG.3IMERG.20201005-S213000-E215959.1290.V07B.HDF5,https://data.gesdisc.earthdata.nasa.gov/data/GPM_L3/GPM_3IMERGHH.07/2020/279/3B-HHR.MS.MRG.3IMERG.20201005-S213000-E215959.1290.V07B.HDF5,NASA GES DISC,GPM_3IMERGHH_07 / V07B,2020,2026-08-16T05:14:11.787177Z,2026-08-16T05:35:49.362503Z,8455322,42ecca629771a8f3fb5dca13d19142fd24c255228a72f3bae21ba2995cc9f4a5,NASA Earth science data; retain NASA/GPM attribution and source URL,development_calibration,downloaded_at_utc is host filesystem mtime; no separate operator retrieval record was supplied.,2020-10-05T21:30:00Z,2020-10-05T22:00:00Z,GPM_3IMERGHH.07:3B-HHR.MS.MRG.3IMERG.20201005-S213000-E215959.1290.V07B.HDF5
nasa_gpm_imerg_final_v07b_portmore_october_2020,nasa_gpm_imerg/GPM_3IMERGHH_07/V07B/2020/10/3B-HHR.MS.MRG.3IMERG.20201005-S220000-E222959.1320.V07B.HDF5,3B-HHR.MS.MRG.3IMERG.20201005-S220000-E222959.1320.V07B.HDF5,https://data.gesdisc.earthdata.nasa.gov/data/GPM_L3/GPM_3IMERGHH.07/2020/279/3B-HHR.MS.MRG.3IMERG.20201005-S220000-E222959.1320.V07B.HDF5,NASA GES DISC,GPM_3IMERGHH_07 / V07B,2020,2026-08-16T05:14:13.188093Z,2026-08-16T05:35:49.384175Z,8396521,1eb63562ac70ce8c027bf95a7018cdd0f9f0f8b75d92b5e9cf5f942b03465ddc,NASA Earth science data; retain NASA/GPM attribution and source URL,development_calibration,downloaded_at_utc is host filesystem mtime; no separate operator retrieval record was supplied.,2020-10-05T22:00:00Z,2020-10-05T22:30:00Z,GPM_3IMERGHH.07:3B-HHR.MS.MRG.3IMERG.20201005-S220000-E222959.1320.V07B.HDF5
nasa_gpm_imerg_final_v07b_portmore_october_2020,nasa_gpm_imerg/GPM_3IMERGHH_07/V07B/2020/10/3B-HHR.MS.MRG.3IMERG.20201005-S223000-E225959.1350.V07B.HDF5,3B-HHR.MS.MRG.3IMERG.20201005-S223000-E225959.1350.V07B.HDF5,https://data.gesdisc.earthdata.nasa.gov/data/GPM_L3/GPM_3IMERGHH.07/2020/279/3B-HHR.MS.MRG.3IMERG.20201005-S223000-E225959.1350.V07B.HDF5,NASA GES DISC,GPM_3IMERGHH_07 / V07B,2020,2026-08-16T05:14:14.588690Z,2026-08-16T05:35:49.407131Z,8339541,d8b2249c48f19c5900ef613702e7ad5658f27625bacc278530a937bc3bf66cf0,NASA Earth science data; retain NASA/GPM attribution and source URL,development_calibration,downloaded_at_utc is host filesystem mtime; no separate operator retrieval record was supplied.,2020-10-05T22:30:00Z,2020-10-05T23:00:00Z,GPM_3IMERGHH.07:3B-HHR.MS.MRG.3IMERG.20201005-S223000-E225959.1350.V07B.HDF5
nasa_gpm_imerg_final_v07b_portmore_october_2020,nasa_gpm_imerg/GPM_3IMERGHH_07/V07B/2020/10/3B-HHR.MS.MRG.3IMERG.20201005-S230000-E232959.1380.V07B.HDF5,3B-HHR.MS.MRG.3IMERG.20201005-S230000-E232959.1380.V07B.HDF5,https://data.gesdisc.earthdata.nasa.gov/data/GPM_L3/GPM_3IMERGHH.07/2020/279/3B-HHR.MS.MRG.3IMERG.20201005-S230000-E232959.1380.V07B.HDF5,NASA GES DISC,GPM_3IMERGHH_07 / V07B,2020,2026-08-16T05:14:15.878529Z,2026-08-16T05:35:49.429872Z,8332308,b907c56d6f403eb2dbdf0532e5526b734e0dccf67733c569926f3f5d16a4c62b,NASA Earth science data; retain NASA/GPM attribution and source URL,development_calibration,downloaded_at_utc is host filesystem mtime; no separate operator retrieval record was supplied.,2020-10-05T23:00:00Z,2020-10-05T23:30:00Z,GPM_3IMERGHH.07:3B-HHR.MS.MRG.3IMERG.20201005-S230000-E232959.1380.V07B.HDF5
nasa_gpm_imerg_final_v07b_portmore_october_2020,nasa_gpm_imerg/GPM_3IMERGHH_07/V07B/2020/10/3B-HHR.MS.MRG.3IMERG.20201005-S233000-E235959.1410.V07B.HDF5,3B-HHR.MS.MRG.3IMERG.20201005-S233000-E235959.1410.V07B.HDF5,https://data.gesdisc.earthdata.nasa.gov/data/GPM_L3/GPM_3IMERGHH.07/2020/279/3B-HHR.MS.MRG.3IMERG.20201005-S233000-E235959.1410.V07B.HDF5,NASA GES DISC,GPM_3IMERGHH_07 / V07B,2020,2026-08-16T05:14:17.279666Z,2026-08-16T05:35:49.449967Z,8332644,ef6e4438ccd27f0b44715857851ce2da3f4a84de0bc972301029467eb9a7e319,NASA Earth science data; retain NASA/GPM attribution and source URL,development_calibration,downloaded_at_utc is host filesystem mtime; no separate operator retrieval record was supplied.,2020-10-05T23:30:00Z,2020-10-06T00:00:00Z,GPM_3IMERGHH.07:3B-HHR.MS.MRG.3IMERG.20201005-S233000-E235959.1410.V07B.HDF5
nasa_gpm_imerg_final_v07b_portmore_october_2020,nasa_gpm_imerg/GPM_3IMERGHH_07/V07B/2020/10/3B-HHR.MS.MRG.3IMERG.20201006-S000000-E002959.0000.V07B.HDF5,3B-HHR.MS.MRG.3IMERG.20201006-S000000-E002959.0000.V07B.HDF5,https://data.gesdisc.earthdata.nasa.gov/data/GPM_L3/GPM_3IMERGHH.07/2020/280/3B-HHR.MS.MRG.3IMERG.20201006-S000000-E002959.0000.V07B.HDF5,NASA GES DISC,GPM_3IMERGHH_07 / V07B,2020,2026-08-16T05:14:18.765584Z,2026-08-16T05:35:49.470783Z,8303100,72900a4abdfb2c07952961386b4dc129933a6043ab618639ca9b4e473e385108,NASA Earth science data; retain NASA/GPM attribution and source URL,development_calibration,downloaded_at_utc is host filesystem mtime; no separate operator retrieval record was supplied.,2020-10-06T00:00:00Z,2020-10-06T00:30:00Z,GPM_3IMERGHH.07:3B-HHR.MS.MRG.3IMERG.20201006-S000000-E002959.0000.V07B.HDF5
nasa_gpm_imerg_final_v07b_portmore_october_2020,nasa_gpm_imerg/GPM_3IMERGHH_07/V07B/2020/10/3B-HHR.MS.MRG.3IMERG.20201006-S003000-E005959.0030.V07B.HDF5,3B-HHR.MS.MRG.3IMERG.20201006-S003000-E005959.0030.V07B.HDF5,https://data.gesdisc.earthdata.nasa.gov/data/GPM_L3/GPM_3IMERGHH.07/2020/280/3B-HHR.MS.MRG.3IMERG.20201006-S003000-E005959.0030.V07B.HDF5,NASA GES DISC,GPM_3IMERGHH_07 / V07B,2020,2026-08-16T05:14:20.097237Z,2026-08-16T05:35:49.493435Z,8272671,6b8a0ca46a6a76b88f33848e1f18cd7a1c034e2ad89a116990bf3b5cccc7c665,NASA Earth science data; retain NASA/GPM attribution and source URL,development_calibration,downloaded_at_utc is host filesystem mtime; no separate operator retrieval record was supplied.,2020-10-06T00:30:00Z,2020-10-06T01:00:00Z,GPM_3IMERGHH.07:3B-HHR.MS.MRG.3IMERG.20201006-S003000-E005959.0030.V07B.HDF5
nasa_gpm_imerg_final_v07b_portmore_october_2020,nasa_gpm_imerg/GPM_3IMERGHH_07/V07B/2020/10/3B-HHR.MS.MRG.3IMERG.20201006-S010000-E012959.0060.V07B.HDF5,3B-HHR.MS.MRG.3IMERG.20201006-S010000-E012959.0060.V07B.HDF5,https://data.gesdisc.earthdata.nasa.gov/data/GPM_L3/GPM_3IMERGHH.07/2020/280/3B-HHR.MS.MRG.3IMERG.20201006-S010000-E012959.0060.V07B.HDF5,NASA GES DISC,GPM_3IMERGHH_07 / V07B,2020,2026-08-16T05:14:21.438996Z,2026-08-16T05:35:49.516381Z,8407527,3e7742706426b6e089dcebba489f0534d956392c2d2ab1c53df3c1a9d0fbd598,NASA Earth science data; retain NASA/GPM attribution and source URL,development_calibration,downloaded_at_utc is host filesystem mtime; no separate operator retrieval record was supplied.,2020-10-06T01:00:00Z,2020-10-06T01:30:00Z,GPM_3IMERGHH.07:3B-HHR.MS.MRG.3IMERG.20201006-S010000-E012959.0060.V07B.HDF5
nasa_gpm_imerg_final_v07b_portmore_october_2020,nasa_gpm_imerg/GPM_3IMERGHH_07/V07B/2020/10/3B-HHR.MS.MRG.3IMERG.20201006-S013000-E015959.0090.V07B.HDF5,3B-HHR.MS.MRG.3IMERG.20201006-S013000-E015959.0090.V07B.HDF5,https://data.gesdisc.earthdata.nasa.gov/data/GPM_L3/GPM_3IMERGHH.07/2020/280/3B-HHR.MS.MRG.3IMERG.20201006-S013000-E015959.0090.V07B.HDF5,NASA GES DISC,GPM_3IMERGHH_07 / V07B,2020,2026-08-16T05:14:22.811103Z,2026-08-16T05:35:49.537605Z,8232321,759d1648f15acdef91642e8017d88ab0a4adee01bf7f740084dbd249bfe60365,NASA Earth science data; retain NASA/GPM attribution and source URL,development_calibration,downloaded_at_utc is host filesystem mtime; no separate operator retrieval record was supplied.,2020-10-06T01:30:00Z,2020-10-06T02:00:00Z,GPM_3IMERGHH.07:3B-HHR.MS.MRG.3IMERG.20201006-S013000-E015959.0090.V07B.HDF5
nasa_gpm_imerg_final_v07b_portmore_october_2020,nasa_gpm_imerg/GPM_3IMERGHH_07/V07B/2020/10/3B-HHR.MS.MRG.3IMERG.20201006-S020000-E022959.0120.V07B.HDF5,3B-HHR.MS.MRG.3IMERG.20201006-S020000-E022959.0120.V07B.HDF5,https://data.gesdisc.earthdata.nasa.gov/data/GPM_L3/GPM_3IMERGHH.07/2020/280/3B-HHR.MS.MRG.3IMERG.20201006-S020000-E022959.0120.V07B.HDF5,NASA GES DISC,GPM_3IMERGHH_07 / V07B,2020,2026-08-16T05:14:24.588616Z,2026-08-16T05:35:49.557088Z,8300217,aa7c69c4edd3436326bb0ec1c892e89c9c8562e1eec4d394c9199049eade8822,NASA Earth science data; retain NASA/GPM attribution and source URL,development_calibration,downloaded_at_utc is host filesystem mtime; no separate operator retrieval record was supplied.,2020-10-06T02:00:00Z,2020-10-06T02:30:00Z,GPM_3IMERGHH.07:3B-HHR.MS.MRG.3IMERG.20201006-S020000-E022959.0120.V07B.HDF5
nasa_gpm_imerg_final_v07b_portmore_october_2020,nasa_gpm_imerg/GPM_3IMERGHH_07/V07B/2020/10/3B-HHR.MS.MRG.3IMERG.20201006-S023000-E025959.0150.V07B.HDF5,3B-HHR.MS.MRG.3IMERG.20201006-S023000-E025959.0150.V07B.HDF5,https://data.gesdisc.earthdata.nasa.gov/data/GPM_L3/GPM_3IMERGHH.07/2020/280/3B-HHR.MS.MRG.3IMERG.20201006-S023000-E025959.0150.V07B.HDF5,NASA GES DISC,GPM_3IMERGHH_07 / V07B,2020,2026-08-16T05:14:26.032701Z,2026-08-16T05:35:49.577230Z,8346474,d9f75fdfeabc4e886fa44938f4efbba68807102ab81d57a952f5806f02cce39d,NASA Earth science data; retain NASA/GPM attribution and source URL,development_calibration,downloaded_at_utc is host filesystem mtime; no separate operator retrieval record was supplied.,2020-10-06T02:30:00Z,2020-10-06T03:00:00Z,GPM_3IMERGHH.07:3B-HHR.MS.MRG.3IMERG.20201006-S023000-E025959.0150.V07B.HDF5
nasa_gpm_imerg_final_v07b_portmore_october_2020,nasa_gpm_imerg/GPM_3IMERGHH_07/V07B/2020/10/3B-HHR.MS.MRG.3IMERG.20201006-S030000-E032959.0180.V07B.HDF5,3B-HHR.MS.MRG.3IMERG.20201006-S030000-E032959.0180.V07B.HDF5,https://data.gesdisc.earthdata.nasa.gov/data/GPM_L3/GPM_3IMERGHH.07/2020/280/3B-HHR.MS.MRG.3IMERG.20201006-S030000-E032959.0180.V07B.HDF5,NASA GES DISC,GPM_3IMERGHH_07 / V07B,2020,2026-08-16T05:14:27.363928Z,2026-08-16T05:35:49.599347Z,8483291,231d3cf690f696108d86c2614108fa967c45f820513ae5260c66d53a0cf673fe,NASA Earth science data; retain NASA/GPM attribution and source URL,development_calibration,downloaded_at_utc is host filesystem mtime; no separate operator retrieval record was supplied.,2020-10-06T03:00:00Z,2020-10-06T03:30:00Z,GPM_3IMERGHH.07:3B-HHR.MS.MRG.3IMERG.20201006-S030000-E032959.0180.V07B.HDF5
nasa_gpm_imerg_final_v07b_portmore_october_2020,nasa_gpm_imerg/GPM_3IMERGHH_07/V07B/2020/10/3B-HHR.MS.MRG.3IMERG.20201006-S033000-E035959.0210.V07B.HDF5,3B-HHR.MS.MRG.3IMERG.20201006-S033000-E035959.0210.V07B.HDF5,https://data.gesdisc.earthdata.nasa.gov/data/GPM_L3/GPM_3IMERGHH.07/2020/280/3B-HHR.MS.MRG.3IMERG.20201006-S033000-E035959.0210.V07B.HDF5,NASA GES DISC,GPM_3IMERGHH_07 / V07B,2020,2026-08-16T05:14:28.872468Z,2026-08-16T05:35:49.620841Z,8424224,8f8fda71cd5889eed8470e88a2d7507e001ad935f837cc448113f5071a5e9c22,NASA Earth science data; retain NASA/GPM attribution and source URL,development_calibration,downloaded_at_utc is host filesystem mtime; no separate operator retrieval record was supplied.,2020-10-06T03:30:00Z,2020-10-06T04:00:00Z,GPM_3IMERGHH.07:3B-HHR.MS.MRG.3IMERG.20201006-S033000-E035959.0210.V07B.HDF5
nasa_gpm_imerg_final_v07b_portmore_october_2020,nasa_gpm_imerg/GPM_3IMERGHH_07/V07B/2020/10/3B-HHR.MS.MRG.3IMERG.20201006-S040000-E042959.0240.V07B.HDF5,3B-HHR.MS.MRG.3IMERG.20201006-S040000-E042959.0240.V07B.HDF5,https://data.gesdisc.earthdata.nasa.gov/data/GPM_L3/GPM_3IMERGHH.07/2020/280/3B-HHR.MS.MRG.3IMERG.20201006-S040000-E042959.0240.V07B.HDF5,NASA GES DISC,GPM_3IMERGHH_07 / V07B,2020,2026-08-16T05:14:30.222471Z,2026-08-16T05:35:49.641339Z,8402520,19cde8736d9b328f21133de0fad2244b23235d4ce034a3d9da168117e8bb6a29,NASA Earth science data; retain NASA/GPM attribution and source URL,development_calibration,downloaded_at_utc is host filesystem mtime; no separate operator retrieval record was supplied.,2020-10-06T04:00:00Z,2020-10-06T04:30:00Z,GPM_3IMERGHH.07:3B-HHR.MS.MRG.3IMERG.20201006-S040000-E042959.0240.V07B.HDF5
nasa_gpm_imerg_final_v07b_portmore_october_2020,nasa_gpm_imerg/GPM_3IMERGHH_07/V07B/2020/10/3B-HHR.MS.MRG.3IMERG.20201006-S043000-E045959.0270.V07B.HDF5,3B-HHR.MS.MRG.3IMERG.20201006-S043000-E045959.0270.V07B.HDF5,https://data.gesdisc.earthdata.nasa.gov/data/GPM_L3/GPM_3IMERGHH.07/2020/280/3B-HHR.MS.MRG.3IMERG.20201006-S043000-E045959.0270.V07B.HDF5,NASA GES DISC,GPM_3IMERGHH_07 / V07B,2020,2026-08-16T05:14:31.592286Z,2026-08-16T05:35:49.664018Z,8413798,34a95418a90b6c0348101de448590036dd1f3dc547bd335b019fb4ed2fdd4aab,NASA Earth science data; retain NASA/GPM attribution and source URL,development_calibration,downloaded_at_utc is host filesystem mtime; no separate operator retrieval record was supplied.,2020-10-06T04:30:00Z,2020-10-06T05:00:00Z,GPM_3IMERGHH.07:3B-HHR.MS.MRG.3IMERG.20201006-S043000-E045959.0270.V07B.HDF5
nasa_gpm_imerg_final_v07b_portmore_october_2020,nasa_gpm_imerg/GPM_3IMERGHH_07/V07B/2020/10/3B-HHR.MS.MRG.3IMERG.20201006-S050000-E052959.0300.V07B.HDF5,3B-HHR.MS.MRG.3IMERG.20201006-S050000-E052959.0300.V07B.HDF5,https://data.gesdisc.earthdata.nasa.gov/data/GPM_L3/GPM_3IMERGHH.07/2020/280/3B-HHR.MS.MRG.3IMERG.20201006-S050000-E052959.0300.V07B.HDF5,NASA GES DISC,GPM_3IMERGHH_07 / V07B,2020,2026-08-16T05:14:33.205263Z,2026-08-16T05:35:49.686898Z,8439412,a2584128c38bc1219a212c0a149e67bc34cb65bf23071c3ccb10b974b5a9df21,NASA Earth science data; retain NASA/GPM attribution and source URL,development_calibration,downloaded_at_utc is host filesystem mtime; no separate operator retrieval record was supplied.,2020-10-06T05:00:00Z,2020-10-06T05:30:00Z,GPM_3IMERGHH.07:3B-HHR.MS.MRG.3IMERG.20201006-S050000-E052959.0300.V07B.HDF5
nasa_gpm_imerg_final_v07b_portmore_october_2020,nasa_gpm_imerg/GPM_3IMERGHH_07/V07B/2020/10/3B-HHR.MS.MRG.3IMERG.20201006-S053000-E055959.0330.V07B.HDF5,3B-HHR.MS.MRG.3IMERG.20201006-S053000-E055959.0330.V07B.HDF5,https://data.gesdisc.earthdata.nasa.gov/data/GPM_L3/GPM_3IMERGHH.07/2020/280/3B-HHR.MS.MRG.3IMERG.20201006-S053000-E055959.0330.V07B.HDF5,NASA GES DISC,GPM_3IMERGHH_07 / V07B,2020,2026-08-16T05:14:35.597728Z,2026-08-16T05:35:49.708888Z,8399173,8a9fc29820efd7ab6eef8953246f52fa09e7868d1560d6476f4c8119285fefa9,NASA Earth science data; retain NASA/GPM attribution and source URL,development_calibration,downloaded_at_utc is host filesystem mtime; no separate operator retrieval record was supplied.,2020-10-06T05:30:00Z,2020-10-06T06:00:00Z,GPM_3IMERGHH.07:3B-HHR.MS.MRG.3IMERG.20201006-S053000-E055959.0330.V07B.HDF5
nasa_gpm_imerg_final_v07b_portmore_october_2020,nasa_gpm_imerg/GPM_3IMERGHH_07/V07B/2020/10/3B-HHR.MS.MRG.3IMERG.20201006-S060000-E062959.0360.V07B.HDF5,3B-HHR.MS.MRG.3IMERG.20201006-S060000-E062959.0360.V07B.HDF5,https://data.gesdisc.earthdata.nasa.gov/data/GPM_L3/GPM_3IMERGHH.07/2020/280/3B-HHR.MS.MRG.3IMERG.20201006-S060000-E062959.0360.V07B.HDF5,NASA GES DISC,GPM_3IMERGHH_07 / V07B,2020,2026-08-16T05:14:36.973132Z,2026-08-16T05:35:49.729809Z,8424078,36e0b0f3df3fabd775946c2071f0e8271a1285ca641d5a3394fd9628506e1522,NASA Earth science data; retain NASA/GPM attribution and source URL,development_calibration,downloaded_at_utc is host filesystem mtime; no separate operator retrieval record was supplied.,2020-10-06T06:00:00Z,2020-10-06T06:30:00Z,GPM_3IMERGHH.07:3B-HHR.MS.MRG.3IMERG.20201006-S060000-E062959.0360.V07B.HDF5
nasa_gpm_imerg_final_v07b_portmore_october_2020,nasa_gpm_imerg/GPM_3IMERGHH_07/V07B/2020/10/3B-HHR.MS.MRG.3IMERG.20201006-S063000-E065959.0390.V07B.HDF5,3B-HHR.MS.MRG.3IMERG.20201006-S063000-E065959.0390.V07B.HDF5,https://data.gesdisc.earthdata.nasa.gov/data/GPM_L3/GPM_3IMERGHH.07/2020/280/3B-HHR.MS.MRG.3IMERG.20201006-S063000-E065959.0390.V07B.HDF5,NASA GES DISC,GPM_3IMERGHH_07 / V07B,2020,2026-08-16T05:14:38.259986Z,2026-08-16T05:35:49.752040Z,8386152,265d369cea03dd59b4af398f2e6d84e038ffdceada4ad4a18c032deab5f80725,NASA Earth science data; retain NASA/GPM attribution and source URL,development_calibration,downloaded_at_utc is host filesystem mtime; no separate operator retrieval record was supplied.,2020-10-06T06:30:00Z,2020-10-06T07:00:00Z,GPM_3IMERGHH.07:3B-HHR.MS.MRG.3IMERG.20201006-S063000-E065959.0390.V07B.HDF5
nasa_gpm_imerg_final_v07b_portmore_october_2020,nasa_gpm_imerg/GPM_3IMERGHH_07/V07B/2020/10/3B-HHR.MS.MRG.3IMERG.20201006-S070000-E072959.0420.V07B.HDF5,3B-HHR.MS.MRG.3IMERG.20201006-S070000-E072959.0420.V07B.HDF5,https://data.gesdisc.earthdata.nasa.gov/data/GPM_L3/GPM_3IMERGHH.07/2020/280/3B-HHR.MS.MRG.3IMERG.20201006-S070000-E072959.0420.V07B.HDF5,NASA GES DISC,GPM_3IMERGHH_07 / V07B,2020,2026-08-16T05:14:39.711195Z,2026-08-16T05:35:49.772849Z,8491340,e56a0801e271d5780f7363d9960b5e180abe53e0a2abc98e8f92bd5a17721bd0,NASA Earth science data; retain NASA/GPM attribution and source URL,development_calibration,downloaded_at_utc is host filesystem mtime; no separate operator retrieval record was supplied.,2020-10-06T07:00:00Z,2020-10-06T07:30:00Z,GPM_3IMERGHH.07:3B-HHR.MS.MRG.3IMERG.20201006-S070000-E072959.0420.V07B.HDF5
nasa_gpm_imerg_final_v07b_portmore_october_2020,nasa_gpm_imerg/GPM_3IMERGHH_07/V07B/2020/10/3B-HHR.MS.MRG.3IMERG.20201006-S073000-E075959.0450.V07B.HDF5,3B-HHR.MS.MRG.3IMERG.20201006-S073000-E075959.0450.V07B.HDF5,https://data.gesdisc.earthdata.nasa.gov/data/GPM_L3/GPM_3IMERGHH.07/2020/280/3B-HHR.MS.MRG.3IMERG.20201006-S073000-E075959.0450.V07B.HDF5,NASA GES DISC,GPM_3IMERGHH_07 / V07B,2020,2026-08-16T05:14:41.133979Z,2026-08-16T05:35:49.793756Z,8403022,824b8b698e19d461111f21fd2e7034e9e0af2d5d2a37c12bb4b5262d212f904e,NASA Earth science data; retain NASA/GPM attribution and source URL,development_calibration,downloaded_at_utc is host filesystem mtime; no separate operator retrieval record was supplied.,2020-10-06T07:30:00Z,2020-10-06T08:00:00Z,GPM_3IMERGHH.07:3B-HHR.MS.MRG.3IMERG.20201006-S073000-E075959.0450.V07B.HDF5
nasa_gpm_imerg_final_v07b_portmore_october_2020,nasa_gpm_imerg/GPM_3IMERGHH_07/V07B/2020/10/3B-HHR.MS.MRG.3IMERG.20201006-S080000-E082959.0480.V07B.HDF5,3B-HHR.MS.MRG.3IMERG.20201006-S080000-E082959.0480.V07B.HDF5,https://data.gesdisc.earthdata.nasa.gov/data/GPM_L3/GPM_3IMERGHH.07/2020/280/3B-HHR.MS.MRG.3IMERG.20201006-S080000-E082959.0480.V07B.HDF5,NASA GES DISC,GPM_3IMERGHH_07 / V07B,2020,2026-08-16T05:14:42.477578Z,2026-08-16T05:35:49.814441Z,8401105,2b20dc02d932c40eaa5a3aa29e6407f5db1e3c97cef04f46d22c85e5c51fc773,NASA Earth science data; retain NASA/GPM attribution and source URL,development_calibration,downloaded_at_utc is host filesystem mtime; no separate operator retrieval record was supplied.,2020-10-06T08:00:00Z,2020-10-06T08:30:00Z,GPM_3IMERGHH.07:3B-HHR.MS.MRG.3IMERG.20201006-S080000-E082959.0480.V07B.HDF5
nasa_gpm_imerg_final_v07b_portmore_october_2020,nasa_gpm_imerg/GPM_3IMERGHH_07/V07B/2020/10/3B-HHR.MS.MRG.3IMERG.20201006-S083000-E085959.0510.V07B.HDF5,3B-HHR.MS.MRG.3IMERG.20201006-S083000-E085959.0510.V07B.HDF5,https://data.gesdisc.earthdata.nasa.gov/data/GPM_L3/GPM_3IMERGHH.07/2020/280/3B-HHR.MS.MRG.3IMERG.20201006-S083000-E085959.0510.V07B.HDF5,NASA GES DISC,GPM_3IMERGHH_07 / V07B,2020,2026-08-16T05:14:43.848658Z,2026-08-16T05:35:49.835250Z,8387531,3572f20a5ede8f933780a1749e51e09f1d0a16e6f54ee84706faa44cc081bf77,NASA Earth science data; retain NASA/GPM attribution and source URL,development_calibration,downloaded_at_utc is host filesystem mtime; no separate operator retrieval record was supplied.,2020-10-06T08:30:00Z,2020-10-06T09:00:00Z,GPM_3IMERGHH.07:3B-HHR.MS.MRG.3IMERG.20201006-S083000-E085959.0510.V07B.HDF5
nasa_gpm_imerg_final_v07b_portmore_october_2020,nasa_gpm_imerg/GPM_3IMERGHH_07/V07B/2020/10/3B-HHR.MS.MRG.3IMERG.20201006-S090000-E092959.0540.V07B.HDF5,3B-HHR.MS.MRG.3IMERG.20201006-S090000-E092959.0540.V07B.HDF5,https://data.gesdisc.earthdata.nasa.gov/data/GPM_L3/GPM_3IMERGHH.07/2020/280/3B-HHR.MS.MRG.3IMERG.20201006-S090000-E092959.0540.V07B.HDF5,NASA GES DISC,GPM_3IMERGHH_07 / V07B,2020,2026-08-16T05:14:45.251033Z,2026-08-16T05:35:49.856864Z,8390177,269e087f28e0b6f689ae0d57151c01688a7f1b2cd1f61ef2b6d9f92e092c8487,NASA Earth science data; retain NASA/GPM attribution and source URL,development_calibration,downloaded_at_utc is host filesystem mtime; no separate operator retrieval record was supplied.,2020-10-06T09:00:00Z,2020-10-06T09:30:00Z,GPM_3IMERGHH.07:3B-HHR.MS.MRG.3IMERG.20201006-S090000-E092959.0540.V07B.HDF5
nasa_gpm_imerg_final_v07b_portmore_october_2020,nasa_gpm_imerg/GPM_3IMERGHH_07/V07B/2020/10/3B-HHR.MS.MRG.3IMERG.20201006-S093000-E095959.0570.V07B.HDF5,3B-HHR.MS.MRG.3IMERG.20201006-S093000-E095959.0570.V07B.HDF5,https://data.gesdisc.earthdata.nasa.gov/data/GPM_L3/GPM_3IMERGHH.07/2020/280/3B-HHR.MS.MRG.3IMERG.20201006-S093000-E095959.0570.V07B.HDF5,NASA GES DISC,GPM_3IMERGHH_07 / V07B,2020,2026-08-16T05:14:47.557202Z,2026-08-16T05:35:49.879517Z,8391348,649971426d3a7ff2230e64ca583a047cde81877b2c5978e7fe5fca7bcfb107e7,NASA Earth science data; retain NASA/GPM attribution and source URL,development_calibration,downloaded_at_utc is host filesystem mtime; no separate operator retrieval record was supplied.,2020-10-06T09:30:00Z,2020-10-06T10:00:00Z,GPM_3IMERGHH.07:3B-HHR.MS.MRG.3IMERG.20201006-S093000-E095959.0570.V07B.HDF5
nasa_gpm_imerg_final_v07b_portmore_october_2020,nasa_gpm_imerg/GPM_3IMERGHH_07/V07B/2020/10/3B-HHR.MS.MRG.3IMERG.20201006-S100000-E102959.0600.V07B.HDF5,3B-HHR.MS.MRG.3IMERG.20201006-S100000-E102959.0600.V07B.HDF5,https://data.gesdisc.earthdata.nasa.gov/data/GPM_L3/GPM_3IMERGHH.07/2020/280/3B-HHR.MS.MRG.3IMERG.20201006-S100000-E102959.0600.V07B.HDF5,NASA GES DISC,GPM_3IMERGHH_07 / V07B,2020,2026-08-16T05:14:48.975130Z,2026-08-16T05:35:49.902667Z,8391327,274b73ed672593b4d0bd258d0efdadc7107e6573a6f974a15868b8cf3e585d25,NASA Earth science data; retain NASA/GPM attribution and source URL,development_calibration,downloaded_at_utc is host filesystem mtime; no separate operator retrieval record was supplied.,2020-10-06T10:00:00Z,2020-10-06T10:30:00Z,GPM_3IMERGHH.07:3B-HHR.MS.MRG.3IMERG.20201006-S100000-E102959.0600.V07B.HDF5
nasa_gpm_imerg_final_v07b_portmore_october_2020,nasa_gpm_imerg/GPM_3IMERGHH_07/V07B/2020/10/3B-HHR.MS.MRG.3IMERG.20201006-S103000-E105959.0630.V07B.HDF5,3B-HHR.MS.MRG.3IMERG.20201006-S103000-E105959.0630.V07B.HDF5,https://data.gesdisc.earthdata.nasa.gov/data/GPM_L3/GPM_3IMERGHH.07/2020/280/3B-HHR.MS.MRG.3IMERG.20201006-S103000-E105959.0630.V07B.HDF5,NASA GES DISC,GPM_3IMERGHH_07 / V07B,2020,2026-08-16T05:14:50.400969Z,2026-08-16T05:35:49.925426Z,8425777,da3f73998e0387eeec84de5b84f662b2a38b598560128f721e1d71a0d4f234eb,NASA Earth science data; retain NASA/GPM attribution and source URL,development_calibration,downloaded_at_utc is host filesystem mtime; no separate operator retrieval record was supplied.,2020-10-06T10:30:00Z,2020-10-06T11:00:00Z,GPM_3IMERGHH.07:3B-HHR.MS.MRG.3IMERG.20201006-S103000-E105959.0630.V07B.HDF5
nasa_gpm_imerg_final_v07b_portmore_october_2020,nasa_gpm_imerg/GPM_3IMERGHH_07/V07B/2020/10/3B-HHR.MS.MRG.3IMERG.20201006-S110000-E112959.0660.V07B.HDF5,3B-HHR.MS.MRG.3IMERG.20201006-S110000-E112959.0660.V07B.HDF5,https://data.gesdisc.earthdata.nasa.gov/data/GPM_L3/GPM_3IMERGHH.07/2020/280/3B-HHR.MS.MRG.3IMERG.20201006-S110000-E112959.0660.V07B.HDF5,NASA GES DISC,GPM_3IMERGHH_07 / V07B,2020,2026-08-16T05:14:51.772778Z,2026-08-16T05:35:49.947133Z,8412140,485d41b5fc2ecc0a6df4258845d9503924ea75170063a7c448274f1a6d5dcab5,NASA Earth science data; retain NASA/GPM attribution and source URL,development_calibration,downloaded_at_utc is host filesystem mtime; no separate operator retrieval record was supplied.,2020-10-06T11:00:00Z,2020-10-06T11:30:00Z,GPM_3IMERGHH.07:3B-HHR.MS.MRG.3IMERG.20201006-S110000-E112959.0660.V07B.HDF5
nasa_gpm_imerg_final_v07b_portmore_october_2020,nasa_gpm_imerg/GPM_3IMERGHH_07/V07B/2020/10/3B-HHR.MS.MRG.3IMERG.20201006-S113000-E115959.0690.V07B.HDF5,3B-HHR.MS.MRG.3IMERG.20201006-S113000-E115959.0690.V07B.HDF5,https://data.gesdisc.earthdata.nasa.gov/data/GPM_L3/GPM_3IMERGHH.07/2020/280/3B-HHR.MS.MRG.3IMERG.20201006-S113000-E115959.0690.V07B.HDF5,NASA GES DISC,GPM_3IMERGHH_07 / V07B,2020,2026-08-16T05:14:53.191298Z,2026-08-16T05:35:49.970457Z,8410334,1eb2f6c839321fd54335063da54ca182bf8a603cd233e5d31d2ac050d61009ca,NASA Earth science data; retain NASA/GPM attribution and source URL,development_calibration,downloaded_at_utc is host filesystem mtime; no separate operator retrieval record was supplied.,2020-10-06T11:30:00Z,2020-10-06T12:00:00Z,GPM_3IMERGHH.07:3B-HHR.MS.MRG.3IMERG.20201006-S113000-E115959.0690.V07B.HDF5
nasa_gpm_imerg_final_v07b_portmore_october_2020,nasa_gpm_imerg/GPM_3IMERGHH_07/V07B/2020/10/3B-HHR.MS.MRG.3IMERG.20201006-S120000-E122959.0720.V07B.HDF5,3B-HHR.MS.MRG.3IMERG.20201006-S120000-E122959.0720.V07B.HDF5,https://data.gesdisc.earthdata.nasa.gov/data/GPM_L3/GPM_3IMERGHH.07/2020/280/3B-HHR.MS.MRG.3IMERG.20201006-S120000-E122959.0720.V07B.HDF5,NASA GES DISC,GPM_3IMERGHH_07 / V07B,2020,2026-08-16T05:14:54.470237Z,2026-08-16T05:35:49.991373Z,8392983,d6db7741e8bee5d0d10966247cd610e7d045286e79b60b687d14afea3eaf1e30,NASA Earth science data; retain NASA/GPM attribution and source URL,development_calibration,downloaded_at_utc is host filesystem mtime; no separate operator retrieval record was supplied.,2020-10-06T12:00:00Z,2020-10-06T12:30:00Z,GPM_3IMERGHH.07:3B-HHR.MS.MRG.3IMERG.20201006-S120000-E122959.0720.V07B.HDF5
nasa_gpm_imerg_final_v07b_portmore_october_2020,nasa_gpm_imerg/GPM_3IMERGHH_07/V07B/2020/10/3B-HHR.MS.MRG.3IMERG.20201006-S123000-E125959.0750.V07B.HDF5,3B-HHR.MS.MRG.3IMERG.20201006-S123000-E125959.0750.V07B.HDF5,https://data.gesdisc.earthdata.nasa.gov/data/GPM_L3/GPM_3IMERGHH.07/2020/280/3B-HHR.MS.MRG.3IMERG.20201006-S123000-E125959.0750.V07B.HDF5,NASA GES DISC,GPM_3IMERGHH_07 / V07B,2020,2026-08-16T05:14:55.771273Z,2026-08-16T05:35:50.014152Z,8349453,ea646fa3cd5b59783ff14d5675482525999f6c1916b00aabbd66398861cbd8d0,NASA Earth science data; retain NASA/GPM attribution and source URL,development_calibration,downloaded_at_utc is host filesystem mtime; no separate operator retrieval record was supplied.,2020-10-06T12:30:00Z,2020-10-06T13:00:00Z,GPM_3IMERGHH.07:3B-HHR.MS.MRG.3IMERG.20201006-S123000-E125959.0750.V07B.HDF5
nasa_gpm_imerg_final_v07b_portmore_october_2020,nasa_gpm_imerg/GPM_3IMERGHH_07/V07B/2020/10/3B-HHR.MS.MRG.3IMERG.20201006-S130000-E132959.0780.V07B.HDF5,3B-HHR.MS.MRG.3IMERG.20201006-S130000-E132959.0780.V07B.HDF5,https://data.gesdisc.earthdata.nasa.gov/data/GPM_L3/GPM_3IMERGHH.07/2020/280/3B-HHR.MS.MRG.3IMERG.20201006-S130000-E132959.0780.V07B.HDF5,NASA GES DISC,GPM_3IMERGHH_07 / V07B,2020,2026-08-16T05:14:57.103963Z,2026-08-16T05:35:50.034700Z,8329091,074e982fbc82f3db9b7a06cde21a57776fc73b26612eb0380387c7b489373ec1,NASA Earth science data; retain NASA/GPM attribution and source URL,development_calibration,downloaded_at_utc is host filesystem mtime; no separate operator retrieval record was supplied.,2020-10-06T13:00:00Z,2020-10-06T13:30:00Z,GPM_3IMERGHH.07:3B-HHR.MS.MRG.3IMERG.20201006-S130000-E132959.0780.V07B.HDF5
nasa_gpm_imerg_final_v07b_portmore_october_2020,nasa_gpm_imerg/GPM_3IMERGHH_07/V07B/2020/10/3B-HHR.MS.MRG.3IMERG.20201006-S133000-E135959.0810.V07B.HDF5,3B-HHR.MS.MRG.3IMERG.20201006-S133000-E135959.0810.V07B.HDF5,https://data.gesdisc.earthdata.nasa.gov/data/GPM_L3/GPM_3IMERGHH.07/2020/280/3B-HHR.MS.MRG.3IMERG.20201006-S133000-E135959.0810.V07B.HDF5,NASA GES DISC,GPM_3IMERGHH_07 / V07B,2020,2026-08-16T05:14:58.292859Z,2026-08-16T05:35:50.055973Z,8376867,7449d17013ce7b51ee18de21e8f010c72c8e450527551bcd043b9cb3b0a8cf7f,NASA Earth science data; retain NASA/GPM attribution and source URL,development_calibration,downloaded_at_utc is host filesystem mtime; no separate operator retrieval record was supplied.,2020-10-06T13:30:00Z,2020-10-06T14:00:00Z,GPM_3IMERGHH.07:3B-HHR.MS.MRG.3IMERG.20201006-S133000-E135959.0810.V07B.HDF5
nasa_gpm_imerg_final_v07b_portmore_october_2020,nasa_gpm_imerg/GPM_3IMERGHH_07/V07B/2020/10/3B-HHR.MS.MRG.3IMERG.20201006-S140000-E142959.0840.V07B.HDF5,3B-HHR.MS.MRG.3IMERG.20201006-S140000-E142959.0840.V07B.HDF5,https://data.gesdisc.earthdata.nasa.gov/data/GPM_L3/GPM_3IMERGHH.07/2020/280/3B-HHR.MS.MRG.3IMERG.20201006-S140000-E142959.0840.V07B.HDF5,NASA GES DISC,GPM_3IMERGHH_07 / V07B,2020,2026-08-16T05:14:59.610622Z,2026-08-16T05:35:50.082080Z,8455497,4634be3db74edb875543e241c0805415b4848bfb5520bd92a7ea7c5de5642702,NASA Earth science data; retain NASA/GPM attribution and source URL,development_calibration,downloaded_at_utc is host filesystem mtime; no separate operator retrieval record was supplied.,2020-10-06T14:00:00Z,2020-10-06T14:30:00Z,GPM_3IMERGHH.07:3B-HHR.MS.MRG.3IMERG.20201006-S140000-E142959.0840.V07B.HDF5
nasa_gpm_imerg_final_v07b_portmore_october_2020,nasa_gpm_imerg/GPM_3IMERGHH_07/V07B/2020/10/3B-HHR.MS.MRG.3IMERG.20201006-S143000-E145959.0870.V07B.HDF5,3B-HHR.MS.MRG.3IMERG.20201006-S143000-E145959.0870.V07B.HDF5,https://data.gesdisc.earthdata.nasa.gov/data/GPM_L3/GPM_3IMERGHH.07/2020/280/3B-HHR.MS.MRG.3IMERG.20201006-S143000-E145959.0870.V07B.HDF5,NASA GES DISC,GPM_3IMERGHH_07 / V07B,2020,2026-08-16T05:15:00.836206Z,2026-08-16T05:35:50.105657Z,8425407,8a97fb7c16964c973b1cdc025017b8a4acacec195c5c78223d56c7a914ab6c9a,NASA Earth science data; retain NASA/GPM attribution and source URL,development_calibration,downloaded_at_utc is host filesystem mtime; no separate operator retrieval record was supplied.,2020-10-06T14:30:00Z,2020-10-06T15:00:00Z,GPM_3IMERGHH.07:3B-HHR.MS.MRG.3IMERG.20201006-S143000-E145959.0870.V07B.HDF5
nasa_gpm_imerg_final_v07b_portmore_october_2020,nasa_gpm_imerg/GPM_3IMERGHH_07/V07B/2020/10/3B-HHR.MS.MRG.3IMERG.20201006-S150000-E152959.0900.V07B.HDF5,3B-HHR.MS.MRG.3IMERG.20201006-S150000-E152959.0900.V07B.HDF5,https://data.gesdisc.earthdata.nasa.gov/data/GPM_L3/GPM_3IMERGHH.07/2020/280/3B-HHR.MS.MRG.3IMERG.20201006-S150000-E152959.0900.V07B.HDF5,NASA GES DISC,GPM_3IMERGHH_07 / V07B,2020,2026-08-16T05:15:02.098882Z,2026-08-16T05:35:50.125799Z,8455363,2897d5302de10d47019c89499b74761d0d90b63b6c310d0d7d24094576078733,NASA Earth science data; retain NASA/GPM attribution and source URL,development_calibration,downloaded_at_utc is host filesystem mtime; no separate operator retrieval record was supplied.,2020-10-06T15:00:00Z,2020-10-06T15:30:00Z,GPM_3IMERGHH.07:3B-HHR.MS.MRG.3IMERG.20201006-S150000-E152959.0900.V07B.HDF5
nasa_gpm_imerg_final_v07b_portmore_october_2020,nasa_gpm_imerg/GPM_3IMERGHH_07/V07B/2020/10/3B-HHR.MS.MRG.3IMERG.20201006-S153000-E155959.0930.V07B.HDF5,3B-HHR.MS.MRG.3IMERG.20201006-S153000-E155959.0930.V07B.HDF5,https://data.gesdisc.earthdata.nasa.gov/data/GPM_L3/GPM_3IMERGHH.07/2020/280/3B-HHR.MS.MRG.3IMERG.20201006-S153000-E155959.0930.V07B.HDF5,NASA GES DISC,GPM_3IMERGHH_07 / V07B,2020,2026-08-16T05:15:03.492149Z,2026-08-16T05:35:50.147907Z,8449800,a477a482a1dc77b3637da71fc6e6c55b77cad80ac8bcdba7e50ed2fd78412ec3,NASA Earth science data; retain NASA/GPM attribution and source URL,development_calibration,downloaded_at_utc is host filesystem mtime; no separate operator retrieval record was supplied.,2020-10-06T15:30:00Z,2020-10-06T16:00:00Z,GPM_3IMERGHH.07:3B-HHR.MS.MRG.3IMERG.20201006-S153000-E155959.0930.V07B.HDF5
nasa_gpm_imerg_final_v07b_portmore_october_2020,nasa_gpm_imerg/GPM_3IMERGHH_07/V07B/2020/10/3B-HHR.MS.MRG.3IMERG.20201006-S160000-E162959.0960.V07B.HDF5,3B-HHR.MS.MRG.3IMERG.20201006-S160000-E162959.0960.V07B.HDF5,https://data.gesdisc.earthdata.nasa.gov/data/GPM_L3/GPM_3IMERGHH.07/2020/280/3B-HHR.MS.MRG.3IMERG.20201006-S160000-E162959.0960.V07B.HDF5,NASA GES DISC,GPM_3IMERGHH_07 / V07B,2020,2026-08-16T05:15:04.772119Z,2026-08-16T05:35:50.170865Z,8369402,bc5acb183aee2950648a8cd0fccccc29b7e62923f3c8a5c4cfa0864a2dbc0cbc,NASA Earth science data; retain NASA/GPM attribution and source URL,development_calibration,downloaded_at_utc is host filesystem mtime; no separate operator retrieval record was supplied.,2020-10-06T16:00:00Z,2020-10-06T16:30:00Z,GPM_3IMERGHH.07:3B-HHR.MS.MRG.3IMERG.20201006-S160000-E162959.0960.V07B.HDF5
nasa_gpm_imerg_final_v07b_portmore_october_2020,nasa_gpm_imerg/GPM_3IMERGHH_07/V07B/2020/10/3B-HHR.MS.MRG.3IMERG.20201006-S163000-E165959.0990.V07B.HDF5,3B-HHR.MS.MRG.3IMERG.20201006-S163000-E165959.0990.V07B.HDF5,https://data.gesdisc.earthdata.nasa.gov/data/GPM_L3/GPM_3IMERGHH.07/2020/280/3B-HHR.MS.MRG.3IMERG.20201006-S163000-E165959.0990.V07B.HDF5,NASA GES DISC,GPM_3IMERGHH_07 / V07B,2020,2026-08-16T05:15:06.077784Z,2026-08-16T05:35:50.192182Z,8250218,4af5494bc03a894b95dee230409935f343dde7c76e668c8f23d13e1301b8a111,NASA Earth science data; retain NASA/GPM attribution and source URL,development_calibration,downloaded_at_utc is host filesystem mtime; no separate operator retrieval record was supplied.,2020-10-06T16:30:00Z,2020-10-06T17:00:00Z,GPM_3IMERGHH.07:3B-HHR.MS.MRG.3IMERG.20201006-S163000-E165959.0990.V07B.HDF5
nasa_gpm_imerg_final_v07b_portmore_october_2020,nasa_gpm_imerg/GPM_3IMERGHH_07/V07B/2020/10/3B-HHR.MS.MRG.3IMERG.20201006-S170000-E172959.1020.V07B.HDF5,3B-HHR.MS.MRG.3IMERG.20201006-S170000-E172959.1020.V07B.HDF5,https://data.gesdisc.earthdata.nasa.gov/data/GPM_L3/GPM_3IMERGHH.07/2020/280/3B-HHR.MS.MRG.3IMERG.20201006-S170000-E172959.1020.V07B.HDF5,NASA GES DISC,GPM_3IMERGHH_07 / V07B,2020,2026-08-16T05:15:07.428892Z,2026-08-16T05:35:50.218879Z,8280225,4d9f86cdeba2d2a470b453408999c3039c08dbe3fd37fcbeb6b7c60cb288ff2d,NASA Earth science data; retain NASA/GPM attribution and source URL,development_calibration,downloaded_at_utc is host filesystem mtime; no separate operator retrieval record was supplied.,2020-10-06T17:00:00Z,2020-10-06T17:30:00Z,GPM_3IMERGHH.07:3B-HHR.MS.MRG.3IMERG.20201006-S170000-E172959.1020.V07B.HDF5
nasa_gpm_imerg_final_v07b_portmore_october_2020,nasa_gpm_imerg/GPM_3IMERGHH_07/V07B/2020/10/3B-HHR.MS.MRG.3IMERG.20201006-S173000-E175959.1050.V07B.HDF5,3B-HHR.MS.MRG.3IMERG.20201006-S173000-E175959.1050.V07B.HDF5,https://data.gesdisc.earthdata.nasa.gov/data/GPM_L3/GPM_3IMERGHH.07/2020/280/3B-HHR.MS.MRG.3IMERG.20201006-S173000-E175959.1050.V07B.HDF5,NASA GES DISC,GPM_3IMERGHH_07 / V07B,2020,2026-08-16T05:15:08.757735Z,2026-08-16T05:35:50.239740Z,8244417,e840105ba5d22c5dda3b419398d899a0dec916752cf218c8e291155e50c5c53c,NASA Earth science data; retain NASA/GPM attribution and source URL,development_calibration,downloaded_at_utc is host filesystem mtime; no separate operator retrieval record was supplied.,2020-10-06T17:30:00Z,2020-10-06T18:00:00Z,GPM_3IMERGHH.07:3B-HHR.MS.MRG.3IMERG.20201006-S173000-E175959.1050.V07B.HDF5
nasa_gpm_imerg_final_v07b_portmore_october_2020,nasa_gpm_imerg/GPM_3IMERGHH_07/V07B/2020/10/3B-HHR.MS.MRG.3IMERG.20201006-S180000-E182959.1080.V07B.HDF5,3B-HHR.MS.MRG.3IMERG.20201006-S180000-E182959.1080.V07B.HDF5,https://data.gesdisc.earthdata.nasa.gov/data/GPM_L3/GPM_3IMERGHH.07/2020/280/3B-HHR.MS.MRG.3IMERG.20201006-S180000-E182959.1080.V07B.HDF5,NASA GES DISC,GPM_3IMERGHH_07 / V07B,2020,2026-08-16T05:15:10.123235Z,2026-08-16T05:35:50.265205Z,8282950,11ea4c7580a6b969ee1a072fb6cc62610c4764fc62174a5444b13858608cde1d,NASA Earth science data; retain NASA/GPM attribution and source URL,development_calibration,downloaded_at_utc is host filesystem mtime; no separate operator retrieval record was supplied.,2020-10-06T18:00:00Z,2020-10-06T18:30:00Z,GPM_3IMERGHH.07:3B-HHR.MS.MRG.3IMERG.20201006-S180000-E182959.1080.V07B.HDF5
nasa_gpm_imerg_final_v07b_portmore_october_2020,nasa_gpm_imerg/GPM_3IMERGHH_07/V07B/2020/10/3B-HHR.MS.MRG.3IMERG.20201006-S183000-E185959.1110.V07B.HDF5,3B-HHR.MS.MRG.3IMERG.20201006-S183000-E185959.1110.V07B.HDF5,https://data.gesdisc.earthdata.nasa.gov/data/GPM_L3/GPM_3IMERGHH.07/2020/280/3B-HHR.MS.MRG.3IMERG.20201006-S183000-E185959.1110.V07B.HDF5,NASA GES DISC,GPM_3IMERGHH_07 / V07B,2020,2026-08-16T05:15:11.472662Z,2026-08-16T05:35:50.287480Z,8367731,425ffb873a84f0db8742845d4b9d7962fa10a06ebd276eff692cd6ee0adef83d,NASA Earth science data; retain NASA/GPM attribution and source URL,development_calibration,downloaded_at_utc is host filesystem mtime; no separate operator retrieval record was supplied.,2020-10-06T18:30:00Z,2020-10-06T19:00:00Z,GPM_3IMERGHH.07:3B-HHR.MS.MRG.3IMERG.20201006-S183000-E185959.1110.V07B.HDF5
nasa_gpm_imerg_final_v07b_portmore_october_2020,nasa_gpm_imerg/GPM_3IMERGHH_07/V07B/2020/10/3B-HHR.MS.MRG.3IMERG.20201006-S190000-E192959.1140.V07B.HDF5,3B-HHR.MS.MRG.3IMERG.20201006-S190000-E192959.1140.V07B.HDF5,https://data.gesdisc.earthdata.nasa.gov/data/GPM_L3/GPM_3IMERGHH.07/2020/280/3B-HHR.MS.MRG.3IMERG.20201006-S190000-E192959.1140.V07B.HDF5,NASA GES DISC,GPM_3IMERGHH_07 / V07B,2020,2026-08-16T05:15:12.727238Z,2026-08-16T05:35:50.322547Z,8378518,076d90bb3724fb27216d08c9e75ac7b76ed0c438aac6eb97d4f84764dbe42331,NASA Earth science data; retain NASA/GPM attribution and source URL,development_calibration,downloaded_at_utc is host filesystem mtime; no separate operator retrieval record was supplied.,2020-10-06T19:00:00Z,2020-10-06T19:30:00Z,GPM_3IMERGHH.07:3B-HHR.MS.MRG.3IMERG.20201006-S190000-E192959.1140.V07B.HDF5
nasa_gpm_imerg_final_v07b_portmore_october_2020,nasa_gpm_imerg/GPM_3IMERGHH_07/V07B/2020/10/3B-HHR.MS.MRG.3IMERG.20201006-S193000-E195959.1170.V07B.HDF5,3B-HHR.MS.MRG.3IMERG.20201006-S193000-E195959.1170.V07B.HDF5,https://data.gesdisc.earthdata.nasa.gov/data/GPM_L3/GPM_3IMERGHH.07/2020/280/3B-HHR.MS.MRG.3IMERG.20201006-S193000-E195959.1170.V07B.HDF5,NASA GES DISC,GPM_3IMERGHH_07 / V07B,2020,2026-08-16T05:15:14.119385Z,2026-08-16T05:35:50.345264Z,8441515,6cce38126b61a52ced26fdb22b6ce057037c002c91aa9b1940e153f7366a96e8,NASA Earth science data; retain NASA/GPM attribution and source URL,development_calibration,downloaded_at_utc is host filesystem mtime; no separate operator retrieval record was supplied.,2020-10-06T19:30:00Z,2020-10-06T20:00:00Z,GPM_3IMERGHH.07:3B-HHR.MS.MRG.3IMERG.20201006-S193000-E195959.1170.V07B.HDF5
nasa_gpm_imerg_final_v07b_portmore_october_2020,nasa_gpm_imerg/GPM_3IMERGHH_07/V07B/2020/10/3B-HHR.MS.MRG.3IMERG.20201006-S200000-E202959.1200.V07B.HDF5,3B-HHR.MS.MRG.3IMERG.20201006-S200000-E202959.1200.V07B.HDF5,https://data.gesdisc.earthdata.nasa.gov/data/GPM_L3/GPM_3IMERGHH.07/2020/280/3B-HHR.MS.MRG.3IMERG.20201006-S200000-E202959.1200.V07B.HDF5,NASA GES DISC,GPM_3IMERGHH_07 / V07B,2020,2026-08-16T05:15:15.570805Z,2026-08-16T05:35:50.364422Z,8244423,d340b074d011b95b37df276e8a611ece19eb32ed05913a5bff74303df680f9f8,NASA Earth science data; retain NASA/GPM attribution and source URL,development_calibration,downloaded_at_utc is host filesystem mtime; no separate operator retrieval record was supplied.,2020-10-06T20:00:00Z,2020-10-06T20:30:00Z,GPM_3IMERGHH.07:3B-HHR.MS.MRG.3IMERG.20201006-S200000-E202959.1200.V07B.HDF5
nasa_gpm_imerg_final_v07b_portmore_october_2020,nasa_gpm_imerg/GPM_3IMERGHH_07/V07B/2020/10/3B-HHR.MS.MRG.3IMERG.20201006-S203000-E205959.1230.V07B.HDF5,3B-HHR.MS.MRG.3IMERG.20201006-S203000-E205959.1230.V07B.HDF5,https://data.gesdisc.earthdata.nasa.gov/data/GPM_L3/GPM_3IMERGHH.07/2020/280/3B-HHR.MS.MRG.3IMERG.20201006-S203000-E205959.1230.V07B.HDF5,NASA GES DISC,GPM_3IMERGHH_07 / V07B,2020,2026-08-16T05:15:16.983091Z,2026-08-16T05:35:50.385112Z,8273085,b794b006171228488a70e877212655988dff0a9709d3452a98e34ccd5745f040,NASA Earth science data; retain NASA/GPM attribution and source URL,development_calibration,downloaded_at_utc is host filesystem mtime; no separate operator retrieval record was supplied.,2020-10-06T20:30:00Z,2020-10-06T21:00:00Z,GPM_3IMERGHH.07:3B-HHR.MS.MRG.3IMERG.20201006-S203000-E205959.1230.V07B.HDF5
nasa_gpm_imerg_final_v07b_portmore_october_2020,nasa_gpm_imerg/GPM_3IMERGHH_07/V07B/2020/10/3B-HHR.MS.MRG.3IMERG.20201006-S210000-E212959.1260.V07B.HDF5,3B-HHR.MS.MRG.3IMERG.20201006-S210000-E212959.1260.V07B.HDF5,https://data.gesdisc.earthdata.nasa.gov/data/GPM_L3/GPM_3IMERGHH.07/2020/280/3B-HHR.MS.MRG.3IMERG.20201006-S210000-E212959.1260.V07B.HDF5,NASA GES DISC,GPM_3IMERGHH_07 / V07B,2020,2026-08-16T05:15:18.539287Z,2026-08-16T05:35:50.404666Z,8304187,86dbf2f1216b189b272d84bde309fa4ea3cf68727bed55c549bab170a105c006,NASA Earth science data; retain NASA/GPM attribution and source URL,development_calibration,downloaded_at_utc is host filesystem mtime; no separate operator retrieval record was supplied.,2020-10-06T21:00:00Z,2020-10-06T21:30:00Z,GPM_3IMERGHH.07:3B-HHR.MS.MRG.3IMERG.20201006-S210000-E212959.1260.V07B.HDF5
nasa_gpm_imerg_final_v07b_portmore_october_2020,nasa_gpm_imerg/GPM_3IMERGHH_07/V07B/2020/10/3B-HHR.MS.MRG.3IMERG.20201006-S213000-E215959.1290.V07B.HDF5,3B-HHR.MS.MRG.3IMERG.20201006-S213000-E215959.1290.V07B.HDF5,https://data.gesdisc.earthdata.nasa.gov/data/GPM_L3/GPM_3IMERGHH.07/2020/280/3B-HHR.MS.MRG.3IMERG.20201006-S213000-E215959.1290.V07B.HDF5,NASA GES DISC,GPM_3IMERGHH_07 / V07B,2020,2026-08-16T05:15:19.956373Z,2026-08-16T05:35:50.424905Z,8239716,b692b92c8e96c753e67f4f8cd540d82c649ecbb2622352c46ae335fcf838063e,NASA Earth science data; retain NASA/GPM attribution and source URL,development_calibration,downloaded_at_utc is host filesystem mtime; no separate operator retrieval record was supplied.,2020-10-06T21:30:00Z,2020-10-06T22:00:00Z,GPM_3IMERGHH.07:3B-HHR.MS.MRG.3IMERG.20201006-S213000-E215959.1290.V07B.HDF5
nasa_gpm_imerg_final_v07b_portmore_october_2020,nasa_gpm_imerg/GPM_3IMERGHH_07/V07B/2020/10/3B-HHR.MS.MRG.3IMERG.20201006-S220000-E222959.1320.V07B.HDF5,3B-HHR.MS.MRG.3IMERG.20201006-S220000-E222959.1320.V07B.HDF5,https://data.gesdisc.earthdata.nasa.gov/data/GPM_L3/GPM_3IMERGHH.07/2020/280/3B-HHR.MS.MRG.3IMERG.20201006-S220000-E222959.1320.V07B.HDF5,NASA GES DISC,GPM_3IMERGHH_07 / V07B,2020,2026-08-16T05:15:21.246327Z,2026-08-16T05:35:50.444910Z,8149336,d7e4e6d3692e736fe4b3c9589326489ebd0d502ff9df2e48158fa088177de7b7,NASA Earth science data; retain NASA/GPM attribution and source URL,development_calibration,downloaded_at_utc is host filesystem mtime; no separate operator retrieval record was supplied.,2020-10-06T22:00:00Z,2020-10-06T22:30:00Z,GPM_3IMERGHH.07:3B-HHR.MS.MRG.3IMERG.20201006-S220000-E222959.1320.V07B.HDF5
nasa_gpm_imerg_final_v07b_portmore_october_2020,nasa_gpm_imerg/GPM_3IMERGHH_07/V07B/2020/10/3B-HHR.MS.MRG.3IMERG.20201006-S223000-E225959.1350.V07B.HDF5,3B-HHR.MS.MRG.3IMERG.20201006-S223000-E225959.1350.V07B.HDF5,https://data.gesdisc.earthdata.nasa.gov/data/GPM_L3/GPM_3IMERGHH.07/2020/280/3B-HHR.MS.MRG.3IMERG.20201006-S223000-E225959.1350.V07B.HDF5,NASA GES DISC,GPM_3IMERGHH_07 / V07B,2020,2026-08-16T05:15:22.466832Z,2026-08-16T05:35:50.466050Z,8171182,111b450cfd9b79f46f9c152c0a4494a2fa963a1b980557be557b26650d8adae0,NASA Earth science data; retain NASA/GPM attribution and source URL,development_calibration,downloaded_at_utc is host filesystem mtime; no separate operator retrieval record was supplied.,2020-10-06T22:30:00Z,2020-10-06T23:00:00Z,GPM_3IMERGHH.07:3B-HHR.MS.MRG.3IMERG.20201006-S223000-E225959.1350.V07B.HDF5
nasa_gpm_imerg_final_v07b_portmore_october_2020,nasa_gpm_imerg/GPM_3IMERGHH_07/V07B/2020/10/3B-HHR.MS.MRG.3IMERG.20201006-S230000-E232959.1380.V07B.HDF5,3B-HHR.MS.MRG.3IMERG.20201006-S230000-E232959.1380.V07B.HDF5,https://data.gesdisc.earthdata.nasa.gov/data/GPM_L3/GPM_3IMERGHH.07/2020/280/3B-HHR.MS.MRG.3IMERG.20201006-S230000-E232959.1380.V07B.HDF5,NASA GES DISC,GPM_3IMERGHH_07 / V07B,2020,2026-08-16T05:15:23.856638Z,2026-08-16T05:35:50.487478Z,8133287,8b804cdcd4a4398dd8e77ee32350503f82d71ed378590b8f8cfdd70136caff61,NASA Earth science data; retain NASA/GPM attribution and source URL,development_calibration,downloaded_at_utc is host filesystem mtime; no separate operator retrieval record was supplied.,2020-10-06T23:00:00Z,2020-10-06T23:30:00Z,GPM_3IMERGHH.07:3B-HHR.MS.MRG.3IMERG.20201006-S230000-E232959.1380.V07B.HDF5
nasa_gpm_imerg_final_v07b_portmore_october_2020,nasa_gpm_imerg/GPM_3IMERGHH_07/V07B/2020/10/3B-HHR.MS.MRG.3IMERG.20201006-S233000-E235959.1410.V07B.HDF5,3B-HHR.MS.MRG.3IMERG.20201006-S233000-E235959.1410.V07B.HDF5,https://data.gesdisc.earthdata.nasa.gov/data/GPM_L3/GPM_3IMERGHH.07/2020/280/3B-HHR.MS.MRG.3IMERG.20201006-S233000-E235959.1410.V07B.HDF5,NASA GES DISC,GPM_3IMERGHH_07 / V07B,2020,2026-08-16T05:15:25.109663Z,2026-08-16T05:35:50.507766Z,8146287,46fb46c2dede25573ecf66f19f3f50cad5c4c60e610a8332e075a657f3bbfbcc,NASA Earth science data; retain NASA/GPM attribution and source URL,development_calibration,downloaded_at_utc is host filesystem mtime; no separate operator retrieval record was supplied.,2020-10-06T23:30:00Z,2020-10-07T00:00:00Z,GPM_3IMERGHH.07:3B-HHR.MS.MRG.3IMERG.20201006-S233000-E235959.1410.V07B.HDF5
nasa_gpm_imerg_final_v07b_portmore_october_2020,nasa_gpm_imerg/GPM_3IMERGHH_07/V07B/2020/10/3B-HHR.MS.MRG.3IMERG.20201007-S000000-E002959.0000.V07B.HDF5,3B-HHR.MS.MRG.3IMERG.20201007-S000000-E002959.0000.V07B.HDF5,https://data.gesdisc.earthdata.nasa.gov/data/GPM_L3/GPM_3IMERGHH.07/2020/281/3B-HHR.MS.MRG.3IMERG.20201007-S000000-E002959.0000.V07B.HDF5,NASA GES DISC,GPM_3IMERGHH_07 / V07B,2020,2026-08-16T05:15:26.430237Z,2026-08-16T05:35:50.529268Z,8154875,a1f53bdfb6d6c505d479de7e3d321d17877b58e6597e3d447131afbf6edc0d7b,NASA Earth science data; retain NASA/GPM attribution and source URL,development_calibration,downloaded_at_utc is host filesystem mtime; no separate operator retrieval record was supplied.,2020-10-07T00:00:00Z,2020-10-07T00:30:00Z,GPM_3IMERGHH.07:3B-HHR.MS.MRG.3IMERG.20201007-S000000-E002959.0000.V07B.HDF5
nasa_gpm_imerg_final_v07b_portmore_october_2020,nasa_gpm_imerg/GPM_3IMERGHH_07/V07B/2020/10/3B-HHR.MS.MRG.3IMERG.20201007-S003000-E005959.0030.V07B.HDF5,3B-HHR.MS.MRG.3IMERG.20201007-S003000-E005959.0030.V07B.HDF5,https://data.gesdisc.earthdata.nasa.gov/data/GPM_L3/GPM_3IMERGHH.07/2020/281/3B-HHR.MS.MRG.3IMERG.20201007-S003000-E005959.0030.V07B.HDF5,NASA GES DISC,GPM_3IMERGHH_07 / V07B,2020,2026-08-16T05:15:27.704862Z,2026-08-16T05:35:50.551332Z,8195938,4c81bda3d4f263a282103cea7906f1e0686e9bcdbbe7163c41349f46dba27705,NASA Earth science data; retain NASA/GPM attribution and source URL,development_calibration,downloaded_at_utc is host filesystem mtime; no separate operator retrieval record was supplied.,2020-10-07T00:30:00Z,2020-10-07T01:00:00Z,GPM_3IMERGHH.07:3B-HHR.MS.MRG.3IMERG.20201007-S003000-E005959.0030.V07B.HDF5
nasa_gpm_imerg_final_v07b_portmore_october_2020,nasa_gpm_imerg/GPM_3IMERGHH_07/V07B/2020/10/3B-HHR.MS.MRG.3IMERG.20201007-S010000-E012959.0060.V07B.HDF5,3B-HHR.MS.MRG.3IMERG.20201007-S010000-E012959.0060.V07B.HDF5,https://data.gesdisc.earthdata.nasa.gov/data/GPM_L3/GPM_3IMERGHH.07/2020/281/3B-HHR.MS.MRG.3IMERG.20201007-S010000-E012959.0060.V07B.HDF5,NASA GES DISC,GPM_3IMERGHH_07 / V07B,2020,2026-08-16T05:15:29.009779Z,2026-08-16T05:35:50.574374Z,8181758,5858a95398f8cac417f556744cf20af7d22535a401d5b2276607ab8a12cf1b98,NASA Earth science data; retain NASA/GPM attribution and source URL,development_calibration,downloaded_at_utc is host filesystem mtime; no separate operator retrieval record was supplied.,2020-10-07T01:00:00Z,2020-10-07T01:30:00Z,GPM_3IMERGHH.07:3B-HHR.MS.MRG.3IMERG.20201007-S010000-E012959.0060.V07B.HDF5
nasa_gpm_imerg_final_v07b_portmore_october_2020,nasa_gpm_imerg/GPM_3IMERGHH_07/V07B/2020/10/3B-HHR.MS.MRG.3IMERG.20201007-S013000-E015959.0090.V07B.HDF5,3B-HHR.MS.MRG.3IMERG.20201007-S013000-E015959.0090.V07B.HDF5,https://data.gesdisc.earthdata.nasa.gov/data/GPM_L3/GPM_3IMERGHH.07/2020/281/3B-HHR.MS.MRG.3IMERG.20201007-S013000-E015959.0090.V07B.HDF5,NASA GES DISC,GPM_3IMERGHH_07 / V07B,2020,2026-08-16T05:15:30.301842Z,2026-08-16T05:35:50.594842Z,7990858,8e123cc9e927d3372c9da70e7f250fb90f2797095335703821b24e498148c417,NASA Earth science data; retain NASA/GPM attribution and source URL,development_calibration,downloaded_at_utc is host filesystem mtime; no separate operator retrieval record was supplied.,2020-10-07T01:30:00Z,2020-10-07T02:00:00Z,GPM_3IMERGHH.07:3B-HHR.MS.MRG.3IMERG.20201007-S013000-E015959.0090.V07B.HDF5
nasa_gpm_imerg_final_v07b_portmore_october_2020,nasa_gpm_imerg/GPM_3IMERGHH_07/V07B/2020/10/3B-HHR.MS.MRG.3IMERG.20201007-S020000-E022959.0120.V07B.HDF5,3B-HHR.MS.MRG.3IMERG.20201007-S020000-E022959.0120.V07B.HDF5,https://data.gesdisc.earthdata.nasa.gov/data/GPM_L3/GPM_3IMERGHH.07/2020/281/3B-HHR.MS.MRG.3IMERG.20201007-S020000-E022959.0120.V07B.HDF5,NASA GES DISC,GPM_3IMERGHH_07 / V07B,2020,2026-08-16T05:15:31.543386Z,2026-08-16T05:35:50.615855Z,8055284,d57a3bd457e743076905feed597997f512d3cba74d273eb5eef33eb6ddf458e0,NASA Earth science data; retain NASA/GPM attribution and source URL,development_calibration,downloaded_at_utc is host filesystem mtime; no separate operator retrieval record was supplied.,2020-10-07T02:00:00Z,2020-10-07T02:30:00Z,GPM_3IMERGHH.07:3B-HHR.MS.MRG.3IMERG.20201007-S020000-E022959.0120.V07B.HDF5
nasa_gpm_imerg_final_v07b_portmore_october_2020,nasa_gpm_imerg/GPM_3IMERGHH_07/V07B/2020/10/3B-HHR.MS.MRG.3IMERG.20201007-S023000-E025959.0150.V07B.HDF5,3B-HHR.MS.MRG.3IMERG.20201007-S023000-E025959.0150.V07B.HDF5,https://data.gesdisc.earthdata.nasa.gov/data/GPM_L3/GPM_3IMERGHH.07/2020/281/3B-HHR.MS.MRG.3IMERG.20201007-S023000-E025959.0150.V07B.HDF5,NASA GES DISC,GPM_3IMERGHH_07 / V07B,2020,2026-08-16T05:15:32.909682Z,2026-08-16T05:35:50.635623Z,8232837,10e089ca0a1e83aa67c44230fc91adda818ed06bd392abd5ada4f0becb883646,NASA Earth science data; retain NASA/GPM attribution and source URL,development_calibration,downloaded_at_utc is host filesystem mtime; no separate operator retrieval record was supplied.,2020-10-07T02:30:00Z,2020-10-07T03:00:00Z,GPM_3IMERGHH.07:3B-HHR.MS.MRG.3IMERG.20201007-S023000-E025959.0150.V07B.HDF5
nasa_gpm_imerg_final_v07b_portmore_october_2020,nasa_gpm_imerg/GPM_3IMERGHH_07/V07B/2020/10/3B-HHR.MS.MRG.3IMERG.20201007-S030000-E032959.0180.V07B.HDF5,3B-HHR.MS.MRG.3IMERG.20201007-S030000-E032959.0180.V07B.HDF5,https://data.gesdisc.earthdata.nasa.gov/data/GPM_L3/GPM_3IMERGHH.07/2020/281/3B-HHR.MS.MRG.3IMERG.20201007-S030000-E032959.0180.V07B.HDF5,NASA GES DISC,GPM_3IMERGHH_07 / V07B,2020,2026-08-16T05:15:34.268744Z,2026-08-16T05:35:50.655635Z,8227997,401e10a19deb00917f1fabd76b642b6f4e01a77bcb6c628e174ff5c6c2c39f54,NASA Earth science data; retain NASA/GPM attribution and source URL,development_calibration,downloaded_at_utc is host filesystem mtime; no separate operator retrieval record was supplied.,2020-10-07T03:00:00Z,2020-10-07T03:30:00Z,GPM_3IMERGHH.07:3B-HHR.MS.MRG.3IMERG.20201007-S030000-E032959.0180.V07B.HDF5
nasa_gpm_imerg_final_v07b_portmore_october_2020,nasa_gpm_imerg/GPM_3IMERGHH_07/V07B/2020/10/3B-HHR.MS.MRG.3IMERG.20201007-S033000-E035959.0210.V07B.HDF5,3B-HHR.MS.MRG.3IMERG.20201007-S033000-E035959.0210.V07B.HDF5,https://data.gesdisc.earthdata.nasa.gov/data/GPM_L3/GPM_3IMERGHH.07/2020/281/3B-HHR.MS.MRG.3IMERG.20201007-S033000-E035959.0210.V07B.HDF5,NASA GES DISC,GPM_3IMERGHH_07 / V07B,2020,2026-08-16T05:15:35.524511Z,2026-08-16T05:35:50.675641Z,8185226,493b3f92e0dca0ce29b0a74bd3e72a7dbe64e4acf243a200fd030daea84124a5,NASA Earth science data; retain NASA/GPM attribution and source URL,development_calibration,downloaded_at_utc is host filesystem mtime; no separate operator retrieval record was supplied.,2020-10-07T03:30:00Z,2020-10-07T04:00:00Z,GPM_3IMERGHH.07:3B-HHR.MS.MRG.3IMERG.20201007-S033000-E035959.0210.V07B.HDF5
nasa_gpm_imerg_final_v07b_portmore_october_2020,nasa_gpm_imerg/GPM_3IMERGHH_07/V07B/2020/10/3B-HHR.MS.MRG.3IMERG.20201007-S040000-E042959.0240.V07B.HDF5,3B-HHR.MS.MRG.3IMERG.20201007-S040000-E042959.0240.V07B.HDF5,https://data.gesdisc.earthdata.nasa.gov/data/GPM_L3/GPM_3IMERGHH.07/2020/281/3B-HHR.MS.MRG.3IMERG.20201007-S040000-E042959.0240.V07B.HDF5,NASA GES DISC,GPM_3IMERGHH_07 / V07B,2020,2026-08-16T05:15:36.767652Z,2026-08-16T05:35:50.696289Z,8155891,283095da99d2d6e81a73e9bcf06c496cebd6d1b8f79e1a140f387a815157beb3,NASA Earth science data; retain NASA/GPM attribution and source URL,development_calibration,downloaded_at_utc is host filesystem mtime; no separate operator retrieval record was supplied.,2020-10-07T04:00:00Z,2020-10-07T04:30:00Z,GPM_3IMERGHH.07:3B-HHR.MS.MRG.3IMERG.20201007-S040000-E042959.0240.V07B.HDF5
nasa_gpm_imerg_final_v07b_portmore_october_2020,nasa_gpm_imerg/GPM_3IMERGHH_07/V07B/2020/10/3B-HHR.MS.MRG.3IMERG.20201007-S043000-E045959.0270.V07B.HDF5,3B-HHR.MS.MRG.3IMERG.20201007-S043000-E045959.0270.V07B.HDF5,https://data.gesdisc.earthdata.nasa.gov/data/GPM_L3/GPM_3IMERGHH.07/2020/281/3B-HHR.MS.MRG.3IMERG.20201007-S043000-E045959.0270.V07B.HDF5,NASA GES DISC,GPM_3IMERGHH_07 / V07B,2020,2026-08-16T05:15:38.156128Z,2026-08-16T05:35:50.717084Z,8122599,36e266e8b14b785d420bfa84dd7f59712a9007427c8b1982f15bcba3c0a620c6,NASA Earth science data; retain NASA/GPM attribution and source URL,development_calibration,downloaded_at_utc is host filesystem mtime; no separate operator retrieval record was supplied.,2020-10-07T04:30:00Z,2020-10-07T05:00:00Z,GPM_3IMERGHH.07:3B-HHR.MS.MRG.3IMERG.20201007-S043000-E045959.0270.V07B.HDF5
nasa_gpm_imerg_final_v07b_portmore_october_2020,nasa_gpm_imerg/GPM_3IMERGHH_07/V07B/2020/10/3B-HHR.MS.MRG.3IMERG.20201007-S050000-E052959.0300.V07B.HDF5,3B-HHR.MS.MRG.3IMERG.20201007-S050000-E052959.0300.V07B.HDF5,https://data.gesdisc.earthdata.nasa.gov/data/GPM_L3/GPM_3IMERGHH.07/2020/281/3B-HHR.MS.MRG.3IMERG.20201007-S050000-E052959.0300.V07B.HDF5,NASA GES DISC,GPM_3IMERGHH_07 / V07B,2020,2026-08-16T05:15:39.386012Z,2026-08-16T05:35:50.737514Z,8104644,f1598a8978461541fff060720e4c013a78fc9dddd2ce50c9f4e87b981fa434ec,NASA Earth science data; retain NASA/GPM attribution and source URL,development_calibration,downloaded_at_utc is host filesystem mtime; no separate operator retrieval record was supplied.,2020-10-07T05:00:00Z,2020-10-07T05:30:00Z,GPM_3IMERGHH.07:3B-HHR.MS.MRG.3IMERG.20201007-S050000-E052959.0300.V07B.HDF5
nasa_gpm_imerg_final_v07b_portmore_october_2020,nasa_gpm_imerg/GPM_3IMERGHH_07/V07B/2020/10/3B-HHR.MS.MRG.3IMERG.20201007-S053000-E055959.0330.V07B.HDF5,3B-HHR.MS.MRG.3IMERG.20201007-S053000-E055959.0330.V07B.HDF5,https://data.gesdisc.earthdata.nasa.gov/data/GPM_L3/GPM_3IMERGHH.07/2020/281/3B-HHR.MS.MRG.3IMERG.20201007-S053000-E055959.0330.V07B.HDF5,NASA GES DISC,GPM_3IMERGHH_07 / V07B,2020,2026-08-16T05:15:40.680521Z,2026-08-16T05:35:50.759648Z,8150040,f43b981371f0bf18cc75a11191f6d856e3f62c5f3f83ca52a1eb80deda9cedbb,NASA Earth science data; retain NASA/GPM attribution and source URL,development_calibration,downloaded_at_utc is host filesystem mtime; no separate operator retrieval record was supplied.,2020-10-07T05:30:00Z,2020-10-07T06:00:00Z,GPM_3IMERGHH.07:3B-HHR.MS.MRG.3IMERG.20201007-S053000-E055959.0330.V07B.HDF5
nasa_gpm_imerg_final_v07b_portmore_october_2020,nasa_gpm_imerg/GPM_3IMERGHH_07/V07B/2020/10/3B-HHR.MS.MRG.3IMERG.20201007-S060000-E062959.0360.V07B.HDF5,3B-HHR.MS.MRG.3IMERG.20201007-S060000-E062959.0360.V07B.HDF5,https://data.gesdisc.earthdata.nasa.gov/data/GPM_L3/GPM_3IMERGHH.07/2020/281/3B-HHR.MS.MRG.3IMERG.20201007-S060000-E062959.0360.V07B.HDF5,NASA GES DISC,GPM_3IMERGHH_07 / V07B,2020,2026-08-16T05:15:42.048193Z,2026-08-16T05:35:50.780602Z,8107864,5ca2679f742221c603c66c6953cb60e06bf2fa44feea83d0e8c75fd2f4c7598d,NASA Earth science data; retain NASA/GPM attribution and source URL,development_calibration,downloaded_at_utc is host filesystem mtime; no separate operator retrieval record was supplied.,2020-10-07T06:00:00Z,2020-10-07T06:30:00Z,GPM_3IMERGHH.07:3B-HHR.MS.MRG.3IMERG.20201007-S060000-E062959.0360.V07B.HDF5
nasa_gpm_imerg_final_v07b_portmore_october_2020,nasa_gpm_imerg/GPM_3IMERGHH_07/V07B/2020/10/3B-HHR.MS.MRG.3IMERG.20201007-S063000-E065959.0390.V07B.HDF5,3B-HHR.MS.MRG.3IMERG.20201007-S063000-E065959.0390.V07B.HDF5,https://data.gesdisc.earthdata.nasa.gov/data/GPM_L3/GPM_3IMERGHH.07/2020/281/3B-HHR.MS.MRG.3IMERG.20201007-S063000-E065959.0390.V07B.HDF5,NASA GES DISC,GPM_3IMERGHH_07 / V07B,2020,2026-08-16T05:15:43.428802Z,2026-08-16T05:35:50.800926Z,8106333,d6c6332c5d54fa9185a77ab5014bade90369ce3350f549211d6f35fd444bc6a8,NASA Earth science data; retain NASA/GPM attribution and source URL,development_calibration,downloaded_at_utc is host filesystem mtime; no separate operator retrieval record was supplied.,2020-10-07T06:30:00Z,2020-10-07T07:00:00Z,GPM_3IMERGHH.07:3B-HHR.MS.MRG.3IMERG.20201007-S063000-E065959.0390.V07B.HDF5
nasa_gpm_imerg_final_v07b_portmore_october_2020,nasa_gpm_imerg/GPM_3IMERGHH_07/V07B/2020/10/3B-HHR.MS.MRG.3IMERG.20201007-S070000-E072959.0420.V07B.HDF5,3B-HHR.MS.MRG.3IMERG.20201007-S070000-E072959.0420.V07B.HDF5,https://data.gesdisc.earthdata.nasa.gov/data/GPM_L3/GPM_3IMERGHH.07/2020/281/3B-HHR.MS.MRG.3IMERG.20201007-S070000-E072959.0420.V07B.HDF5,NASA GES DISC,GPM_3IMERGHH_07 / V07B,2020,2026-08-16T05:15:44.823930Z,2026-08-16T05:35:50.822381Z,8163912,3ce2f8f50923654930bb1c7f409b2f22faf370a685b67121906104359965c587,NASA Earth science data; retain NASA/GPM attribution and source URL,development_calibration,downloaded_at_utc is host filesystem mtime; no separate operator retrieval record was supplied.,2020-10-07T07:00:00Z,2020-10-07T07:30:00Z,GPM_3IMERGHH.07:3B-HHR.MS.MRG.3IMERG.20201007-S070000-E072959.0420.V07B.HDF5
nasa_gpm_imerg_final_v07b_portmore_october_2020,nasa_gpm_imerg/GPM_3IMERGHH_07/V07B/2020/10/3B-HHR.MS.MRG.3IMERG.20201007-S073000-E075959.0450.V07B.HDF5,3B-HHR.MS.MRG.3IMERG.20201007-S073000-E075959.0450.V07B.HDF5,https://data.gesdisc.earthdata.nasa.gov/data/GPM_L3/GPM_3IMERGHH.07/2020/281/3B-HHR.MS.MRG.3IMERG.20201007-S073000-E075959.0450.V07B.HDF5,NASA GES DISC,GPM_3IMERGHH_07 / V07B,2020,2026-08-16T05:15:46.196622Z,2026-08-16T05:35:50.842523Z,8124720,8f6650ed608ee93e4441d11ccce4bdd0d151a08f204203d71c7ca482a8911cf1,NASA Earth science data; retain NASA/GPM attribution and source URL,development_calibration,downloaded_at_utc is host filesystem mtime; no separate operator retrieval record was supplied.,2020-10-07T07:30:00Z,2020-10-07T08:00:00Z,GPM_3IMERGHH.07:3B-HHR.MS.MRG.3IMERG.20201007-S073000-E075959.0450.V07B.HDF5
nasa_gpm_imerg_final_v07b_portmore_october_2020,nasa_gpm_imerg/GPM_3IMERGHH_07/V07B/2020/10/3B-HHR.MS.MRG.3IMERG.20201007-S080000-E082959.0480.V07B.HDF5,3B-HHR.MS.MRG.3IMERG.20201007-S080000-E082959.0480.V07B.HDF5,https://data.gesdisc.earthdata.nasa.gov/data/GPM_L3/GPM_3IMERGHH.07/2020/281/3B-HHR.MS.MRG.3IMERG.20201007-S080000-E082959.0480.V07B.HDF5,NASA GES DISC,GPM_3IMERGHH_07 / V07B,2020,2026-08-16T05:15:47.601906Z,2026-08-16T05:35:50.862926Z,8091594,671cf46b158ac2689cc5058d6af1f600d8b385f81c710c89a2cf7b55edeb7475,NASA Earth science data; retain NASA/GPM attribution and source URL,development_calibration,downloaded_at_utc is host filesystem mtime; no separate operator retrieval record was supplied.,2020-10-07T08:00:00Z,2020-10-07T08:30:00Z,GPM_3IMERGHH.07:3B-HHR.MS.MRG.3IMERG.20201007-S080000-E082959.0480.V07B.HDF5
nasa_gpm_imerg_final_v07b_portmore_october_2020,nasa_gpm_imerg/GPM_3IMERGHH_07/V07B/2020/10/3B-HHR.MS.MRG.3IMERG.20201007-S083000-E085959.0510.V07B.HDF5,3B-HHR.MS.MRG.3IMERG.20201007-S083000-E085959.0510.V07B.HDF5,https://data.gesdisc.earthdata.nasa.gov/data/GPM_L3/GPM_3IMERGHH.07/2020/281/3B-HHR.MS.MRG.3IMERG.20201007-S083000-E085959.0510.V07B.HDF5,NASA GES DISC,GPM_3IMERGHH_07 / V07B,2020,2026-08-16T05:15:48.926701Z,2026-08-16T05:35:50.882679Z,8039404,92bca5cdc22fc0299ecf093f02e8f4bb7fb8d9a6ab4250d31515bbb30e2b1a38,NASA Earth science data; retain NASA/GPM attribution and source URL,development_calibration,downloaded_at_utc is host filesystem mtime; no separate operator retrieval record was supplied.,2020-10-07T08:30:00Z,2020-10-07T09:00:00Z,GPM_3IMERGHH.07:3B-HHR.MS.MRG.3IMERG.20201007-S083000-E085959.0510.V07B.HDF5
nasa_gpm_imerg_final_v07b_portmore_october_2020,nasa_gpm_imerg/GPM_3IMERGHH_07/V07B/2020/10/3B-HHR.MS.MRG.3IMERG.20201007-S090000-E092959.0540.V07B.HDF5,3B-HHR.MS.MRG.3IMERG.20201007-S090000-E092959.0540.V07B.HDF5,https://data.gesdisc.earthdata.nasa.gov/data/GPM_L3/GPM_3IMERGHH.07/2020/281/3B-HHR.MS.MRG.3IMERG.20201007-S090000-E092959.0540.V07B.HDF5,NASA GES DISC,GPM_3IMERGHH_07 / V07B,2020,2026-08-16T05:15:50.451101Z,2026-08-16T05:35:50.904341Z,8095816,9a9017cae107fdb1ed530bc2ba0bad68b5cf9b4739578fb3956d3096558c5eb6,NASA Earth science data; retain NASA/GPM attribution and source URL,development_calibration,downloaded_at_utc is host filesystem mtime; no separate operator retrieval record was supplied.,2020-10-07T09:00:00Z,2020-10-07T09:30:00Z,GPM_3IMERGHH.07:3B-HHR.MS.MRG.3IMERG.20201007-S090000-E092959.0540.V07B.HDF5
nasa_gpm_imerg_final_v07b_portmore_october_2020,nasa_gpm_imerg/GPM_3IMERGHH_07/V07B/2020/10/3B-HHR.MS.MRG.3IMERG.20201007-S093000-E095959.0570.V07B.HDF5,3B-HHR.MS.MRG.3IMERG.20201007-S093000-E095959.0570.V07B.HDF5,https://data.gesdisc.earthdata.nasa.gov/data/GPM_L3/GPM_3IMERGHH.07/2020/281/3B-HHR.MS.MRG.3IMERG.20201007-S093000-E095959.0570.V07B.HDF5,NASA GES DISC,GPM_3IMERGHH_07 / V07B,2020,2026-08-16T05:15:51.865441Z,2026-08-16T05:35:50.925700Z,8064504,f089e8f76e4ec11e97f16b6e030bf9cd2d9a17f8857bb7a980eab4c40914f15e,NASA Earth science data; retain NASA/GPM attribution and source URL,development_calibration,downloaded_at_utc is host filesystem mtime; no separate operator retrieval record was supplied.,2020-10-07T09:30:00Z,2020-10-07T10:00:00Z,GPM_3IMERGHH.07:3B-HHR.MS.MRG.3IMERG.20201007-S093000-E095959.0570.V07B.HDF5
nasa_gpm_imerg_final_v07b_portmore_october_2020,nasa_gpm_imerg/GPM_3IMERGHH_07/V07B/2020/10/3B-HHR.MS.MRG.3IMERG.20201007-S100000-E102959.0600.V07B.HDF5,3B-HHR.MS.MRG.3IMERG.20201007-S100000-E102959.0600.V07B.HDF5,https://data.gesdisc.earthdata.nasa.gov/data/GPM_L3/GPM_3IMERGHH.07/2020/281/3B-HHR.MS.MRG.3IMERG.20201007-S100000-E102959.0600.V07B.HDF5,NASA GES DISC,GPM_3IMERGHH_07 / V07B,2020,2026-08-16T05:15:53.152850Z,2026-08-16T05:35:50.947387Z,8001183,6d572beef544d72ada8ada2bd32cfa191b01d4b6a56e24681c3b2d312bc2e24b,NASA Earth science data; retain NASA/GPM attribution and source URL,development_calibration,downloaded_at_utc is host filesystem mtime; no separate operator retrieval record was supplied.,2020-10-07T10:00:00Z,2020-10-07T10:30:00Z,GPM_3IMERGHH.07:3B-HHR.MS.MRG.3IMERG.20201007-S100000-E102959.0600.V07B.HDF5
nasa_gpm_imerg_final_v07b_portmore_october_2020,nasa_gpm_imerg/GPM_3IMERGHH_07/V07B/2020/10/3B-HHR.MS.MRG.3IMERG.20201007-S103000-E105959.0630.V07B.HDF5,3B-HHR.MS.MRG.3IMERG.20201007-S103000-E105959.0630.V07B.HDF5,https://data.gesdisc.earthdata.nasa.gov/data/GPM_L3/GPM_3IMERGHH.07/2020/281/3B-HHR.MS.MRG.3IMERG.20201007-S103000-E105959.0630.V07B.HDF5,NASA GES DISC,GPM_3IMERGHH_07 / V07B,2020,2026-08-16T05:15:54.473196Z,2026-08-16T05:35:50.969688Z,8006553,2049fc898e0ef07401477d97fc9fdf220048eca5acfa1d14ba63cb1d707ebce9,NASA Earth science data; retain NASA/GPM attribution and source URL,development_calibration,downloaded_at_utc is host filesystem mtime; no separate operator retrieval record was supplied.,2020-10-07T10:30:00Z,2020-10-07T11:00:00Z,GPM_3IMERGHH.07:3B-HHR.MS.MRG.3IMERG.20201007-S103000-E105959.0630.V07B.HDF5
nasa_gpm_imerg_final_v07b_portmore_october_2020,nasa_gpm_imerg/GPM_3IMERGHH_07/V07B/2020/10/3B-HHR.MS.MRG.3IMERG.20201007-S110000-E112959.0660.V07B.HDF5,3B-HHR.MS.MRG.3IMERG.20201007-S110000-E112959.0660.V07B.HDF5,https://data.gesdisc.earthdata.nasa.gov/data/GPM_L3/GPM_3IMERGHH.07/2020/281/3B-HHR.MS.MRG.3IMERG.20201007-S110000-E112959.0660.V07B.HDF5,NASA GES DISC,GPM_3IMERGHH_07 / V07B,2020,2026-08-16T05:15:55.759870Z,2026-08-16T05:35:50.991251Z,8088954,d01b05e087cc796a4fb9865e06176f184a1b4786c896b8930509a36b4428472f,NASA Earth science data; retain NASA/GPM attribution and source URL,development_calibration,downloaded_at_utc is host filesystem mtime; no separate operator retrieval record was supplied.,2020-10-07T11:00:00Z,2020-10-07T11:30:00Z,GPM_3IMERGHH.07:3B-HHR.MS.MRG.3IMERG.20201007-S110000-E112959.0660.V07B.HDF5
nasa_gpm_imerg_final_v07b_portmore_october_2020,nasa_gpm_imerg/GPM_3IMERGHH_07/V07B/2020/10/3B-HHR.MS.MRG.3IMERG.20201007-S113000-E115959.0690.V07B.HDF5,3B-HHR.MS.MRG.3IMERG.20201007-S113000-E115959.0690.V07B.HDF5,https://data.gesdisc.earthdata.nasa.gov/data/GPM_L3/GPM_3IMERGHH.07/2020/281/3B-HHR.MS.MRG.3IMERG.20201007-S113000-E115959.0690.V07B.HDF5,NASA GES DISC,GPM_3IMERGHH_07 / V07B,2020,2026-08-16T05:15:56.962641Z,2026-08-16T05:35:51.011292Z,8154033,9e3bbfb15e46da1ff340b76e82711ab5bee7d1f199c8a641220824d277ffa2eb,NASA Earth science data; retain NASA/GPM attribution and source URL,development_calibration,downloaded_at_utc is host filesystem mtime; no separate operator retrieval record was supplied.,2020-10-07T11:30:00Z,2020-10-07T12:00:00Z,GPM_3IMERGHH.07:3B-HHR.MS.MRG.3IMERG.20201007-S113000-E115959.0690.V07B.HDF5
nasa_gpm_imerg_final_v07b_portmore_october_2020,nasa_gpm_imerg/GPM_3IMERGHH_07/V07B/2020/10/3B-HHR.MS.MRG.3IMERG.20201007-S120000-E122959.0720.V07B.HDF5,3B-HHR.MS.MRG.3IMERG.20201007-S120000-E122959.0720.V07B.HDF5,https://data.gesdisc.earthdata.nasa.gov/data/GPM_L3/GPM_3IMERGHH.07/2020/281/3B-HHR.MS.MRG.3IMERG.20201007-S120000-E122959.0720.V07B.HDF5,NASA GES DISC,GPM_3IMERGHH_07 / V07B,2020,2026-08-16T05:15:58.262339Z,2026-08-16T05:35:51.031438Z,7973743,ff067b168f6bf99692018bad91fde1fe83c943b36c3a4336b652c0ae089220f5,NASA Earth science data; retain NASA/GPM attribution and source URL,development_calibration,downloaded_at_utc is host filesystem mtime; no separate operator retrieval record was supplied.,2020-10-07T12:00:00Z,2020-10-07T12:30:00Z,GPM_3IMERGHH.07:3B-HHR.MS.MRG.3IMERG.20201007-S120000-E122959.0720.V07B.HDF5
nasa_gpm_imerg_final_v07b_portmore_october_2020,nasa_gpm_imerg/GPM_3IMERGHH_07/V07B/2020/10/3B-HHR.MS.MRG.3IMERG.20201007-S123000-E125959.0750.V07B.HDF5,3B-HHR.MS.MRG.3IMERG.20201007-S123000-E125959.0750.V07B.HDF5,https://data.gesdisc.earthdata.nasa.gov/data/GPM_L3/GPM_3IMERGHH.07/2020/281/3B-HHR.MS.MRG.3IMERG.20201007-S123000-E125959.0750.V07B.HDF5,NASA GES DISC,GPM_3IMERGHH_07 / V07B,2020,2026-08-16T05:15:59.595894Z,2026-08-16T05:35:51.051266Z,8109202,22e55e046d8c3344d62db4d926adef5654dffe86f305028c81eadf6621e0cce8,NASA Earth science data; retain NASA/GPM attribution and source URL,development_calibration,downloaded_at_utc is host filesystem mtime; no separate operator retrieval record was supplied.,2020-10-07T12:30:00Z,2020-10-07T13:00:00Z,GPM_3IMERGHH.07:3B-HHR.MS.MRG.3IMERG.20201007-S123000-E125959.0750.V07B.HDF5
nasa_gpm_imerg_final_v07b_portmore_october_2020,nasa_gpm_imerg/GPM_3IMERGHH_07/V07B/2020/10/3B-HHR.MS.MRG.3IMERG.20201007-S130000-E132959.0780.V07B.HDF5,3B-HHR.MS.MRG.3IMERG.20201007-S130000-E132959.0780.V07B.HDF5,https://data.gesdisc.earthdata.nasa.gov/data/GPM_L3/GPM_3IMERGHH.07/2020/281/3B-HHR.MS.MRG.3IMERG.20201007-S130000-E132959.0780.V07B.HDF5,NASA GES DISC,GPM_3IMERGHH_07 / V07B,2020,2026-08-16T05:16:00.864897Z,2026-08-16T05:35:51.073158Z,8146807,4f9c4a52e4913707aa3cc4d70951bf21d8be7cca11d5c1360becda31b0cd3eac,NASA Earth science data; retain NASA/GPM attribution and source URL,development_calibration,downloaded_at_utc is host filesystem mtime; no separate operator retrieval record was supplied.,2020-10-07T13:00:00Z,2020-10-07T13:30:00Z,GPM_3IMERGHH.07:3B-HHR.MS.MRG.3IMERG.20201007-S130000-E132959.0780.V07B.HDF5
nasa_gpm_imerg_final_v07b_portmore_october_2020,nasa_gpm_imerg/GPM_3IMERGHH_07/V07B/2020/10/3B-HHR.MS.MRG.3IMERG.20201007-S133000-E135959.0810.V07B.HDF5,3B-HHR.MS.MRG.3IMERG.20201007-S133000-E135959.0810.V07B.HDF5,https://data.gesdisc.earthdata.nasa.gov/data/GPM_L3/GPM_3IMERGHH.07/2020/281/3B-HHR.MS.MRG.3IMERG.20201007-S133000-E135959.0810.V07B.HDF5,NASA GES DISC,GPM_3IMERGHH_07 / V07B,2020,2026-08-16T05:16:02.182962Z,2026-08-16T05:35:51.092792Z,8020833,279bbdd606cb7cd369965e8c067c46541d218be08aa2ac85346c26eb4fbc56c1,NASA Earth science data; retain NASA/GPM attribution and source URL,development_calibration,downloaded_at_utc is host filesystem mtime; no separate operator retrieval record was supplied.,2020-10-07T13:30:00Z,2020-10-07T14:00:00Z,GPM_3IMERGHH.07:3B-HHR.MS.MRG.3IMERG.20201007-S133000-E135959.0810.V07B.HDF5
nasa_gpm_imerg_final_v07b_portmore_october_2020,nasa_gpm_imerg/GPM_3IMERGHH_07/V07B/2020/10/3B-HHR.MS.MRG.3IMERG.20201007-S140000-E142959.0840.V07B.HDF5,3B-HHR.MS.MRG.3IMERG.20201007-S140000-E142959.0840.V07B.HDF5,https://data.gesdisc.earthdata.nasa.gov/data/GPM_L3/GPM_3IMERGHH.07/2020/281/3B-HHR.MS.MRG.3IMERG.20201007-S140000-E142959.0840.V07B.HDF5,NASA GES DISC,GPM_3IMERGHH_07 / V07B,2020,2026-08-16T05:16:03.569734Z,2026-08-16T05:35:51.111852Z,7992248,b8788c3a077e134c8f1c93a286b23499a2bbf135e2d7f0b9c543e91184cf6dcf,NASA Earth science data; retain NASA/GPM attribution and source URL,development_calibration,downloaded_at_utc is host filesystem mtime; no separate operator retrieval record was supplied.,2020-10-07T14:00:00Z,2020-10-07T14:30:00Z,GPM_3IMERGHH.07:3B-HHR.MS.MRG.3IMERG.20201007-S140000-E142959.0840.V07B.HDF5
nasa_gpm_imerg_final_v07b_portmore_october_2020,nasa_gpm_imerg/GPM_3IMERGHH_07/V07B/2020/10/3B-HHR.MS.MRG.3IMERG.20201007-S143000-E145959.0870.V07B.HDF5,3B-HHR.MS.MRG.3IMERG.20201007-S143000-E145959.0870.V07B.HDF5,https://data.gesdisc.earthdata.nasa.gov/data/GPM_L3/GPM_3IMERGHH.07/2020/281/3B-HHR.MS.MRG.3IMERG.20201007-S143000-E145959.0870.V07B.HDF5,NASA GES DISC,GPM_3IMERGHH_07 / V07B,2020,2026-08-16T05:16:04.890733Z,2026-08-16T05:35:51.133941Z,8179147,fd6cf827c8b3f121339c563735f14e037b4b6a990832def5084e551b10dc6187,NASA Earth science data; retain NASA/GPM attribution and source URL,development_calibration,downloaded_at_utc is host filesystem mtime; no separate operator retrieval record was supplied.,2020-10-07T14:30:00Z,2020-10-07T15:00:00Z,GPM_3IMERGHH.07:3B-HHR.MS.MRG.3IMERG.20201007-S143000-E145959.0870.V07B.HDF5
nasa_gpm_imerg_final_v07b_portmore_october_2020,nasa_gpm_imerg/GPM_3IMERGHH_07/V07B/2020/10/3B-HHR.MS.MRG.3IMERG.20201007-S150000-E152959.0900.V07B.HDF5,3B-HHR.MS.MRG.3IMERG.20201007-S150000-E152959.0900.V07B.HDF5,https://data.gesdisc.earthdata.nasa.gov/data/GPM_L3/GPM_3IMERGHH.07/2020/281/3B-HHR.MS.MRG.3IMERG.20201007-S150000-E152959.0900.V07B.HDF5,NASA GES DISC,GPM_3IMERGHH_07 / V07B,2020,2026-08-16T05:16:06.158863Z,2026-08-16T05:35:51.155952Z,8139436,ff21a3722889d380b1368014547b3d39afa5014bf60ed3aaa4fb2ed56614190d,NASA Earth science data; retain NASA/GPM attribution and source URL,development_calibration,downloaded_at_utc is host filesystem mtime; no separate operator retrieval record was supplied.,2020-10-07T15:00:00Z,2020-10-07T15:30:00Z,GPM_3IMERGHH.07:3B-HHR.MS.MRG.3IMERG.20201007-S150000-E152959.0900.V07B.HDF5
nasa_gpm_imerg_final_v07b_portmore_october_2020,nasa_gpm_imerg/GPM_3IMERGHH_07/V07B/2020/10/3B-HHR.MS.MRG.3IMERG.20201007-S153000-E155959.0930.V07B.HDF5,3B-HHR.MS.MRG.3IMERG.20201007-S153000-E155959.0930.V07B.HDF5,https://data.gesdisc.earthdata.nasa.gov/data/GPM_L3/GPM_3IMERGHH.07/2020/281/3B-HHR.MS.MRG.3IMERG.20201007-S153000-E155959.0930.V07B.HDF5,NASA GES DISC,GPM_3IMERGHH_07 / V07B,2020,2026-08-16T05:16:07.411570Z,2026-08-16T05:35:51.177669Z,8157525,ca7a12bc868ea0b69f0980de7cc9084a9e80c7f6109ffc2b99da70ae2db9a8a1,NASA Earth science data; retain NASA/GPM attribution and source URL,development_calibration,downloaded_at_utc is host filesystem mtime; no separate operator retrieval record was supplied.,2020-10-07T15:30:00Z,2020-10-07T16:00:00Z,GPM_3IMERGHH.07:3B-HHR.MS.MRG.3IMERG.20201007-S153000-E155959.0930.V07B.HDF5
nasa_gpm_imerg_final_v07b_portmore_october_2020,nasa_gpm_imerg/GPM_3IMERGHH_07/V07B/2020/10/3B-HHR.MS.MRG.3IMERG.20201007-S160000-E162959.0960.V07B.HDF5,3B-HHR.MS.MRG.3IMERG.20201007-S160000-E162959.0960.V07B.HDF5,https://data.gesdisc.earthdata.nasa.gov/data/GPM_L3/GPM_3IMERGHH.07/2020/281/3B-HHR.MS.MRG.3IMERG.20201007-S160000-E162959.0960.V07B.HDF5,NASA GES DISC,GPM_3IMERGHH_07 / V07B,2020,2026-08-16T05:16:08.799242Z,2026-08-16T05:35:51.202510Z,8129344,dc20fa6885887b2a3c47a38a31cf15c64ebdb0f1bf348839265b309475fa7012,NASA Earth science data; retain NASA/GPM attribution and source URL,development_calibration,downloaded_at_utc is host filesystem mtime; no separate operator retrieval record was supplied.,2020-10-07T16:00:00Z,2020-10-07T16:30:00Z,GPM_3IMERGHH.07:3B-HHR.MS.MRG.3IMERG.20201007-S160000-E162959.0960.V07B.HDF5
nasa_gpm_imerg_final_v07b_portmore_october_2020,nasa_gpm_imerg/GPM_3IMERGHH_07/V07B/2020/10/3B-HHR.MS.MRG.3IMERG.20201007-S163000-E165959.0990.V07B.HDF5,3B-HHR.MS.MRG.3IMERG.20201007-S163000-E165959.0990.V07B.HDF5,https://data.gesdisc.earthdata.nasa.gov/data/GPM_L3/GPM_3IMERGHH.07/2020/281/3B-HHR.MS.MRG.3IMERG.20201007-S163000-E165959.0990.V07B.HDF5,NASA GES DISC,GPM_3IMERGHH_07 / V07B,2020,2026-08-16T05:16:10.197509Z,2026-08-16T05:35:51.228797Z,8267431,2cfbad473fb00bc676217a7581bb4f6c6361d0fbb7c5cb1a28b841bb99b1a813,NASA Earth science data; retain NASA/GPM attribution and source URL,development_calibration,downloaded_at_utc is host filesystem mtime; no separate operator retrieval record was supplied.,2020-10-07T16:30:00Z,2020-10-07T17:00:00Z,GPM_3IMERGHH.07:3B-HHR.MS.MRG.3IMERG.20201007-S163000-E165959.0990.V07B.HDF5
nasa_gpm_imerg_final_v07b_portmore_october_2020,nasa_gpm_imerg/GPM_3IMERGHH_07/V07B/2020/10/3B-HHR.MS.MRG.3IMERG.20201007-S170000-E172959.1020.V07B.HDF5,3B-HHR.MS.MRG.3IMERG.20201007-S170000-E172959.1020.V07B.HDF5,https://data.gesdisc.earthdata.nasa.gov/data/GPM_L3/GPM_3IMERGHH.07/2020/281/3B-HHR.MS.MRG.3IMERG.20201007-S170000-E172959.1020.V07B.HDF5,NASA GES DISC,GPM_3IMERGHH_07 / V07B,2020,2026-08-16T05:16:11.406224Z,2026-08-16T05:35:51.252482Z,8222763,9ab527a99284092db56fb33a043c560598947e232644b403bad790117b168e55,NASA Earth science data; retain NASA/GPM attribution and source URL,development_calibration,downloaded_at_utc is host filesystem mtime; no separate operator retrieval record was supplied.,2020-10-07T17:00:00Z,2020-10-07T17:30:00Z,GPM_3IMERGHH.07:3B-HHR.MS.MRG.3IMERG.20201007-S170000-E172959.1020.V07B.HDF5
nasa_gpm_imerg_final_v07b_portmore_october_2020,nasa_gpm_imerg/GPM_3IMERGHH_07/V07B/2020/10/3B-HHR.MS.MRG.3IMERG.20201007-S173000-E175959.1050.V07B.HDF5,3B-HHR.MS.MRG.3IMERG.20201007-S173000-E175959.1050.V07B.HDF5,https://data.gesdisc.earthdata.nasa.gov/data/GPM_L3/GPM_3IMERGHH.07/2020/281/3B-HHR.MS.MRG.3IMERG.20201007-S173000-E175959.1050.V07B.HDF5,NASA GES DISC,GPM_3IMERGHH_07 / V07B,2020,2026-08-16T05:16:12.941103Z,2026-08-16T05:35:51.273032Z,8133286,28772abf9aad7842b1ac743a082e77f85baf89846b44f52f82f19c4c039d979e,NASA Earth science data; retain NASA/GPM attribution and source URL,development_calibration,downloaded_at_utc is host filesystem mtime; no separate operator retrieval record was supplied.,2020-10-07T17:30:00Z,2020-10-07T18:00:00Z,GPM_3IMERGHH.07:3B-HHR.MS.MRG.3IMERG.20201007-S173000-E175959.1050.V07B.HDF5
nasa_gpm_imerg_final_v07b_portmore_october_2020,nasa_gpm_imerg/GPM_3IMERGHH_07/V07B/2020/10/3B-HHR.MS.MRG.3IMERG.20201007-S180000-E182959.1080.V07B.HDF5,3B-HHR.MS.MRG.3IMERG.20201007-S180000-E182959.1080.V07B.HDF5,https://data.gesdisc.earthdata.nasa.gov/data/GPM_L3/GPM_3IMERGHH.07/2020/281/3B-HHR.MS.MRG.3IMERG.20201007-S180000-E182959.1080.V07B.HDF5,NASA GES DISC,GPM_3IMERGHH_07 / V07B,2020,2026-08-16T05:16:14.286164Z,2026-08-16T05:35:51.298782Z,8191687,12f92a7da9b32e1114a77430fcd936f3cb4791b99927e53d4ea0c5815845b1b3,NASA Earth science data; retain NASA/GPM attribution and source URL,development_calibration,downloaded_at_utc is host filesystem mtime; no separate operator retrieval record was supplied.,2020-10-07T18:00:00Z,2020-10-07T18:30:00Z,GPM_3IMERGHH.07:3B-HHR.MS.MRG.3IMERG.20201007-S180000-E182959.1080.V07B.HDF5
nasa_gpm_imerg_final_v07b_portmore_october_2020,nasa_gpm_imerg/GPM_3IMERGHH_07/V07B/2020/10/3B-HHR.MS.MRG.3IMERG.20201007-S183000-E185959.1110.V07B.HDF5,3B-HHR.MS.MRG.3IMERG.20201007-S183000-E185959.1110.V07B.HDF5,https://data.gesdisc.earthdata.nasa.gov/data/GPM_L3/GPM_3IMERGHH.07/2020/281/3B-HHR.MS.MRG.3IMERG.20201007-S183000-E185959.1110.V07B.HDF5,NASA GES DISC,GPM_3IMERGHH_07 / V07B,2020,2026-08-16T05:16:15.576437Z,2026-08-16T05:35:51.320376Z,8099270,b6a97a52dd41c907f5272b45ba17c8800bb93066960a694d3cb8ebdd4c77aae8,NASA Earth science data; retain NASA/GPM attribution and source URL,development_calibration,downloaded_at_utc is host filesystem mtime; no separate operator retrieval record was supplied.,2020-10-07T18:30:00Z,2020-10-07T19:00:00Z,GPM_3IMERGHH.07:3B-HHR.MS.MRG.3IMERG.20201007-S183000-E185959.1110.V07B.HDF5
nasa_gpm_imerg_final_v07b_portmore_october_2020,nasa_gpm_imerg/GPM_3IMERGHH_07/V07B/2020/10/3B-HHR.MS.MRG.3IMERG.20201007-S190000-E192959.1140.V07B.HDF5,3B-HHR.MS.MRG.3IMERG.20201007-S190000-E192959.1140.V07B.HDF5,https://data.gesdisc.earthdata.nasa.gov/data/GPM_L3/GPM_3IMERGHH.07/2020/281/3B-HHR.MS.MRG.3IMERG.20201007-S190000-E192959.1140.V07B.HDF5,NASA GES DISC,GPM_3IMERGHH_07 / V07B,2020,2026-08-16T05:16:16.908731Z,2026-08-16T05:35:51.342343Z,8132588,0526c5337bad6eb6d9b0e07e93360a0f757d38a781d028170e2a410d5ec14731,NASA Earth science data; retain NASA/GPM attribution and source URL,development_calibration,downloaded_at_utc is host filesystem mtime; no separate operator retrieval record was supplied.,2020-10-07T19:00:00Z,2020-10-07T19:30:00Z,GPM_3IMERGHH.07:3B-HHR.MS.MRG.3IMERG.20201007-S190000-E192959.1140.V07B.HDF5
nasa_gpm_imerg_final_v07b_portmore_october_2020,nasa_gpm_imerg/GPM_3IMERGHH_07/V07B/2020/10/3B-HHR.MS.MRG.3IMERG.20201007-S193000-E195959.1170.V07B.HDF5,3B-HHR.MS.MRG.3IMERG.20201007-S193000-E195959.1170.V07B.HDF5,https://data.gesdisc.earthdata.nasa.gov/data/GPM_L3/GPM_3IMERGHH.07/2020/281/3B-HHR.MS.MRG.3IMERG.20201007-S193000-E195959.1170.V07B.HDF5,NASA GES DISC,GPM_3IMERGHH_07 / V07B,2020,2026-08-16T05:16:18.216000Z,2026-08-16T05:35:51.366172Z,8194482,64cc89843fb0872bea6eeaf20f22d580cb7907525e9ef1c943b91e1a915c2018,NASA Earth science data; retain NASA/GPM attribution and source URL,development_calibration,downloaded_at_utc is host filesystem mtime; no separate operator retrieval record was supplied.,2020-10-07T19:30:00Z,2020-10-07T20:00:00Z,GPM_3IMERGHH.07:3B-HHR.MS.MRG.3IMERG.20201007-S193000-E195959.1170.V07B.HDF5
nasa_gpm_imerg_final_v07b_portmore_october_2020,nasa_gpm_imerg/GPM_3IMERGHH_07/V07B/2020/10/3B-HHR.MS.MRG.3IMERG.20201007-S200000-E202959.1200.V07B.HDF5,3B-HHR.MS.MRG.3IMERG.20201007-S200000-E202959.1200.V07B.HDF5,https://data.gesdisc.earthdata.nasa.gov/data/GPM_L3/GPM_3IMERGHH.07/2020/281/3B-HHR.MS.MRG.3IMERG.20201007-S200000-E202959.1200.V07B.HDF5,NASA GES DISC,GPM_3IMERGHH_07 / V07B,2020,2026-08-16T05:16:19.564529Z,2026-08-16T05:35:51.387529Z,8129176,04037d01f0d3233a8d22f2b19571cf0ffc93d1ca76e620d6db9ed5670a86889c,NASA Earth science data; retain NASA/GPM attribution and source URL,development_calibration,downloaded_at_utc is host filesystem mtime; no separate operator retrieval record was supplied.,2020-10-07T20:00:00Z,2020-10-07T20:30:00Z,GPM_3IMERGHH.07:3B-HHR.MS.MRG.3IMERG.20201007-S200000-E202959.1200.V07B.HDF5
nasa_gpm_imerg_final_v07b_portmore_october_2020,nasa_gpm_imerg/GPM_3IMERGHH_07/V07B/2020/10/3B-HHR.MS.MRG.3IMERG.20201007-S203000-E205959.1230.V07B.HDF5,3B-HHR.MS.MRG.3IMERG.20201007-S203000-E205959.1230.V07B.HDF5,https://data.gesdisc.earthdata.nasa.gov/data/GPM_L3/GPM_3IMERGHH.07/2020/281/3B-HHR.MS.MRG.3IMERG.20201007-S203000-E205959.1230.V07B.HDF5,NASA GES DISC,GPM_3IMERGHH_07 / V07B,2020,2026-08-16T05:16:20.872962Z,2026-08-16T05:35:51.407323Z,7826459,f1a76ed7a2cdf2c14c5f786ac80b02e6e625d04513d4ff770524d65c69f508ad,NASA Earth science data; retain NASA/GPM attribution and source URL,development_calibration,downloaded_at_utc is host filesystem mtime; no separate operator retrieval record was supplied.,2020-10-07T20:30:00Z,2020-10-07T21:00:00Z,GPM_3IMERGHH.07:3B-HHR.MS.MRG.3IMERG.20201007-S203000-E205959.1230.V07B.HDF5
nasa_gpm_imerg_final_v07b_portmore_october_2020,nasa_gpm_imerg/GPM_3IMERGHH_07/V07B/2020/10/3B-HHR.MS.MRG.3IMERG.20201007-S210000-E212959.1260.V07B.HDF5,3B-HHR.MS.MRG.3IMERG.20201007-S210000-E212959.1260.V07B.HDF5,https://data.gesdisc.earthdata.nasa.gov/data/GPM_L3/GPM_3IMERGHH.07/2020/281/3B-HHR.MS.MRG.3IMERG.20201007-S210000-E212959.1260.V07B.HDF5,NASA GES DISC,GPM_3IMERGHH_07 / V07B,2020,2026-08-16T05:16:22.167656Z,2026-08-16T05:35:51.430468Z,8053150,72a6a8a1625c8476e2fda7158da2e5340052add3618aaf2dffde5c152c929edd,NASA Earth science data; retain NASA/GPM attribution and source URL,development_calibration,downloaded_at_utc is host filesystem mtime; no separate operator retrieval record was supplied.,2020-10-07T21:00:00Z,2020-10-07T21:30:00Z,GPM_3IMERGHH.07:3B-HHR.MS.MRG.3IMERG.20201007-S210000-E212959.1260.V07B.HDF5
nasa_gpm_imerg_final_v07b_portmore_october_2020,nasa_gpm_imerg/GPM_3IMERGHH_07/V07B/2020/10/3B-HHR.MS.MRG.3IMERG.20201007-S213000-E215959.1290.V07B.HDF5,3B-HHR.MS.MRG.3IMERG.20201007-S213000-E215959.1290.V07B.HDF5,https://data.gesdisc.earthdata.nasa.gov/data/GPM_L3/GPM_3IMERGHH.07/2020/281/3B-HHR.MS.MRG.3IMERG.20201007-S213000-E215959.1290.V07B.HDF5,NASA GES DISC,GPM_3IMERGHH_07 / V07B,2020,2026-08-16T05:16:23.534532Z,2026-08-16T05:35:51.455193Z,8095957,c72f61534aba177daa284e59621df70eb58fa70090050cd7ca34c036d7c333e8,NASA Earth science data; retain NASA/GPM attribution and source URL,development_calibration,downloaded_at_utc is host filesystem mtime; no separate operator retrieval record was supplied.,2020-10-07T21:30:00Z,2020-10-07T22:00:00Z,GPM_3IMERGHH.07:3B-HHR.MS.MRG.3IMERG.20201007-S213000-E215959.1290.V07B.HDF5
nasa_gpm_imerg_final_v07b_portmore_october_2020,nasa_gpm_imerg/GPM_3IMERGHH_07/V07B/2020/10/3B-HHR.MS.MRG.3IMERG.20201007-S220000-E222959.1320.V07B.HDF5,3B-HHR.MS.MRG.3IMERG.20201007-S220000-E222959.1320.V07B.HDF5,https://data.gesdisc.earthdata.nasa.gov/data/GPM_L3/GPM_3IMERGHH.07/2020/281/3B-HHR.MS.MRG.3IMERG.20201007-S220000-E222959.1320.V07B.HDF5,NASA GES DISC,GPM_3IMERGHH_07 / V07B,2020,2026-08-16T05:16:24.836654Z,2026-08-16T05:35:51.476084Z,7990949,0204d3538866552e60109900131a8b3f4c6b0143752ab9c3ecd64431e4c9e6a9,NASA Earth science data; retain NASA/GPM attribution and source URL,development_calibration,downloaded_at_utc is host filesystem mtime; no separate operator retrieval record was supplied.,2020-10-07T22:00:00Z,2020-10-07T22:30:00Z,GPM_3IMERGHH.07:3B-HHR.MS.MRG.3IMERG.20201007-S220000-E222959.1320.V07B.HDF5
nasa_gpm_imerg_final_v07b_portmore_october_2020,nasa_gpm_imerg/GPM_3IMERGHH_07/V07B/2020/10/3B-HHR.MS.MRG.3IMERG.20201007-S223000-E225959.1350.V07B.HDF5,3B-HHR.MS.MRG.3IMERG.20201007-S223000-E225959.1350.V07B.HDF5,https://data.gesdisc.earthdata.nasa.gov/data/GPM_L3/GPM_3IMERGHH.07/2020/281/3B-HHR.MS.MRG.3IMERG.20201007-S223000-E225959.1350.V07B.HDF5,NASA GES DISC,GPM_3IMERGHH_07 / V07B,2020,2026-08-16T05:16:26.192880Z,2026-08-16T05:35:51.496688Z,7869725,b160b632a2f0217512277681a752cdf998743d75568abd59e3846443d734ce3b,NASA Earth science data; retain NASA/GPM attribution and source URL,development_calibration,downloaded_at_utc is host filesystem mtime; no separate operator retrieval record was supplied.,2020-10-07T22:30:00Z,2020-10-07T23:00:00Z,GPM_3IMERGHH.07:3B-HHR.MS.MRG.3IMERG.20201007-S223000-E225959.1350.V07B.HDF5
nasa_gpm_imerg_final_v07b_portmore_october_2020,nasa_gpm_imerg/GPM_3IMERGHH_07/V07B/2020/10/3B-HHR.MS.MRG.3IMERG.20201007-S230000-E232959.1380.V07B.HDF5,3B-HHR.MS.MRG.3IMERG.20201007-S230000-E232959.1380.V07B.HDF5,https://data.gesdisc.earthdata.nasa.gov/data/GPM_L3/GPM_3IMERGHH.07/2020/281/3B-HHR.MS.MRG.3IMERG.20201007-S230000-E232959.1380.V07B.HDF5,NASA GES DISC,GPM_3IMERGHH_07 / V07B,2020,2026-08-16T05:16:27.521514Z,2026-08-16T05:35:51.517705Z,7889416,616caadfba7b6e60bbbb9bb4dac6adbbb3fa4295ca3ecdffd99d71579d8c7bdc,NASA Earth science data; retain NASA/GPM attribution and source URL,development_calibration,downloaded_at_utc is host filesystem mtime; no separate operator retrieval record was supplied.,2020-10-07T23:00:00Z,2020-10-07T23:30:00Z,GPM_3IMERGHH.07:3B-HHR.MS.MRG.3IMERG.20201007-S230000-E232959.1380.V07B.HDF5
nasa_gpm_imerg_final_v07b_portmore_october_2020,nasa_gpm_imerg/GPM_3IMERGHH_07/V07B/2020/10/3B-HHR.MS.MRG.3IMERG.20201007-S233000-E235959.1410.V07B.HDF5,3B-HHR.MS.MRG.3IMERG.20201007-S233000-E235959.1410.V07B.HDF5,https://data.gesdisc.earthdata.nasa.gov/data/GPM_L3/GPM_3IMERGHH.07/2020/281/3B-HHR.MS.MRG.3IMERG.20201007-S233000-E235959.1410.V07B.HDF5,NASA GES DISC,GPM_3IMERGHH_07 / V07B,2020,2026-08-16T05:16:28.877793Z,2026-08-16T05:35:51.539566Z,7862379,44a1d746d8fb06f1b383a3d5ff901a62f40ae5ebecd583bffade4965ad83986b,NASA Earth science data; retain NASA/GPM attribution and source URL,development_calibration,downloaded_at_utc is host filesystem mtime; no separate operator retrieval record was supplied.,2020-10-07T23:30:00Z,2020-10-08T00:00:00Z,GPM_3IMERGHH.07:3B-HHR.MS.MRG.3IMERG.20201007-S233000-E235959.1410.V07B.HDF5
nasa_gpm_imerg_final_v07b_portmore_october_2020,nasa_gpm_imerg/GPM_3IMERGHH_07/V07B/2020/10/3B-HHR.MS.MRG.3IMERG.20201008-S000000-E002959.0000.V07B.HDF5,3B-HHR.MS.MRG.3IMERG.20201008-S000000-E002959.0000.V07B.HDF5,https://data.gesdisc.earthdata.nasa.gov/data/GPM_L3/GPM_3IMERGHH.07/2020/282/3B-HHR.MS.MRG.3IMERG.20201008-S000000-E002959.0000.V07B.HDF5,NASA GES DISC,GPM_3IMERGHH_07 / V07B,2020,2026-08-16T05:16:30.227182Z,2026-08-16T05:35:51.564902Z,7906642,4fed91ec6295ccd026d5e8bd574088474b3be80adc1a054ac4e47c1d879e5622,NASA Earth science data; retain NASA/GPM attribution and source URL,development_calibration,downloaded_at_utc is host filesystem mtime; no separate operator retrieval record was supplied.,2020-10-08T00:00:00Z,2020-10-08T00:30:00Z,GPM_3IMERGHH.07:3B-HHR.MS.MRG.3IMERG.20201008-S000000-E002959.0000.V07B.HDF5
nasa_gpm_imerg_final_v07b_portmore_october_2020,nasa_gpm_imerg/GPM_3IMERGHH_07/V07B/2020/10/3B-HHR.MS.MRG.3IMERG.20201008-S003000-E005959.0030.V07B.HDF5,3B-HHR.MS.MRG.3IMERG.20201008-S003000-E005959.0030.V07B.HDF5,https://data.gesdisc.earthdata.nasa.gov/data/GPM_L3/GPM_3IMERGHH.07/2020/282/3B-HHR.MS.MRG.3IMERG.20201008-S003000-E005959.0030.V07B.HDF5,NASA GES DISC,GPM_3IMERGHH_07 / V07B,2020,2026-08-16T05:16:31.531830Z,2026-08-16T05:35:51.589052Z,8024408,3c34cc8e7d911047c085b4f8f2eb7cbd17a10f3e81c921b6d9ae49508b6db17f,NASA Earth science data; retain NASA/GPM attribution and source URL,development_calibration,downloaded_at_utc is host filesystem mtime; no separate operator retrieval record was supplied.,2020-10-08T00:30:00Z,2020-10-08T01:00:00Z,GPM_3IMERGHH.07:3B-HHR.MS.MRG.3IMERG.20201008-S003000-E005959.0030.V07B.HDF5
nasa_gpm_imerg_final_v07b_portmore_october_2020,nasa_gpm_imerg/GPM_3IMERGHH_07/V07B/2020/10/3B-HHR.MS.MRG.3IMERG.20201008-S010000-E012959.0060.V07B.HDF5,3B-HHR.MS.MRG.3IMERG.20201008-S010000-E012959.0060.V07B.HDF5,https://data.gesdisc.earthdata.nasa.gov/data/GPM_L3/GPM_3IMERGHH.07/2020/282/3B-HHR.MS.MRG.3IMERG.20201008-S010000-E012959.0060.V07B.HDF5,NASA GES DISC,GPM_3IMERGHH_07 / V07B,2020,2026-08-16T05:16:32.787814Z,2026-08-16T05:35:51.610104Z,7817623,0a37d5befcee56e28cb305a7cd2e9e1b0acf13e961d23610d4a48b62bf524eff,NASA Earth science data; retain NASA/GPM attribution and source URL,development_calibration,downloaded_at_utc is host filesystem mtime; no separate operator retrieval record was supplied.,2020-10-08T01:00:00Z,2020-10-08T01:30:00Z,GPM_3IMERGHH.07:3B-HHR.MS.MRG.3IMERG.20201008-S010000-E012959.0060.V07B.HDF5
nasa_gpm_imerg_final_v07b_portmore_october_2020,nasa_gpm_imerg/GPM_3IMERGHH_07/V07B/2020/10/3B-HHR.MS.MRG.3IMERG.20201008-S013000-E015959.0090.V07B.HDF5,3B-HHR.MS.MRG.3IMERG.20201008-S013000-E015959.0090.V07B.HDF5,https://data.gesdisc.earthdata.nasa.gov/data/GPM_L3/GPM_3IMERGHH.07/2020/282/3B-HHR.MS.MRG.3IMERG.20201008-S013000-E015959.0090.V07B.HDF5,NASA GES DISC,GPM_3IMERGHH_07 / V07B,2020,2026-08-16T05:16:34.092112Z,2026-08-16T05:35:51.634268Z,7797644,fe28626274b972d826900fd0a2a6a11ef6174bf858e5cfee6c2141d3b0da1868,NASA Earth science data; retain NASA/GPM attribution and source URL,development_calibration,downloaded_at_utc is host filesystem mtime; no separate operator retrieval record was supplied.,2020-10-08T01:30:00Z,2020-10-08T02:00:00Z,GPM_3IMERGHH.07:3B-HHR.MS.MRG.3IMERG.20201008-S013000-E015959.0090.V07B.HDF5
nasa_gpm_imerg_final_v07b_portmore_october_2020,nasa_gpm_imerg/GPM_3IMERGHH_07/V07B/2020/10/3B-HHR.MS.MRG.3IMERG.20201008-S020000-E022959.0120.V07B.HDF5,3B-HHR.MS.MRG.3IMERG.20201008-S020000-E022959.0120.V07B.HDF5,https://data.gesdisc.earthdata.nasa.gov/data/GPM_L3/GPM_3IMERGHH.07/2020/282/3B-HHR.MS.MRG.3IMERG.20201008-S020000-E022959.0120.V07B.HDF5,NASA GES DISC,GPM_3IMERGHH_07 / V07B,2020,2026-08-16T05:16:35.455189Z,2026-08-16T05:35:51.655500Z,7982636,309642af0d64d92aed1f8cdae8c64bd9dbbc0cf630014b0b096b1ef2779fd31e,NASA Earth science data; retain NASA/GPM attribution and source URL,development_calibration,downloaded_at_utc is host filesystem mtime; no separate operator retrieval record was supplied.,2020-10-08T02:00:00Z,2020-10-08T02:30:00Z,GPM_3IMERGHH.07:3B-HHR.MS.MRG.3IMERG.20201008-S020000-E022959.0120.V07B.HDF5
nasa_gpm_imerg_final_v07b_portmore_october_2020,nasa_gpm_imerg/GPM_3IMERGHH_07/V07B/2020/10/3B-HHR.MS.MRG.3IMERG.20201008-S023000-E025959.0150.V07B.HDF5,3B-HHR.MS.MRG.3IMERG.20201008-S023000-E025959.0150.V07B.HDF5,https://data.gesdisc.earthdata.nasa.gov/data/GPM_L3/GPM_3IMERGHH.07/2020/282/3B-HHR.MS.MRG.3IMERG.20201008-S023000-E025959.0150.V07B.HDF5,NASA GES DISC,GPM_3IMERGHH_07 / V07B,2020,2026-08-16T05:16:36.694881Z,2026-08-16T05:35:51.675714Z,7929776,05e50c7fbb90032f139a91416c010cb2fb93e76633c3868cb516df984215cdc8,NASA Earth science data; retain NASA/GPM attribution and source URL,development_calibration,downloaded_at_utc is host filesystem mtime; no separate operator retrieval record was supplied.,2020-10-08T02:30:00Z,2020-10-08T03:00:00Z,GPM_3IMERGHH.07:3B-HHR.MS.MRG.3IMERG.20201008-S023000-E025959.0150.V07B.HDF5
nasa_gpm_imerg_final_v07b_portmore_october_2020,nasa_gpm_imerg/GPM_3IMERGHH_07/V07B/2020/10/3B-HHR.MS.MRG.3IMERG.20201008-S030000-E032959.0180.V07B.HDF5,3B-HHR.MS.MRG.3IMERG.20201008-S030000-E032959.0180.V07B.HDF5,https://data.gesdisc.earthdata.nasa.gov/data/GPM_L3/GPM_3IMERGHH.07/2020/282/3B-HHR.MS.MRG.3IMERG.20201008-S030000-E032959.0180.V07B.HDF5,NASA GES DISC,GPM_3IMERGHH_07 / V07B,2020,2026-08-16T05:16:37.955603Z,2026-08-16T05:35:51.694849Z,8001345,7ac8c017ebb1ab40168850e861aba9f336cc052e33c93e934ff706c0ac934ffa,NASA Earth science data; retain NASA/GPM attribution and source URL,development_calibration,downloaded_at_utc is host filesystem mtime; no separate operator retrieval record was supplied.,2020-10-08T03:00:00Z,2020-10-08T03:30:00Z,GPM_3IMERGHH.07:3B-HHR.MS.MRG.3IMERG.20201008-S030000-E032959.0180.V07B.HDF5
nasa_gpm_imerg_final_v07b_portmore_october_2020,nasa_gpm_imerg/GPM_3IMERGHH_07/V07B/2020/10/3B-HHR.MS.MRG.3IMERG.20201008-S033000-E035959.0210.V07B.HDF5,3B-HHR.MS.MRG.3IMERG.20201008-S033000-E035959.0210.V07B.HDF5,https://data.gesdisc.earthdata.nasa.gov/data/GPM_L3/GPM_3IMERGHH.07/2020/282/3B-HHR.MS.MRG.3IMERG.20201008-S033000-E035959.0210.V07B.HDF5,NASA GES DISC,GPM_3IMERGHH_07 / V07B,2020,2026-08-16T05:16:39.277833Z,2026-08-16T05:35:51.715486Z,8028888,4e1b89365343ea83f0e1993a56468e1d7735f4cacbe1df75b651c26bb7469e4a,NASA Earth science data; retain NASA/GPM attribution and source URL,development_calibration,downloaded_at_utc is host filesystem mtime; no separate operator retrieval record was supplied.,2020-10-08T03:30:00Z,2020-10-08T04:00:00Z,GPM_3IMERGHH.07:3B-HHR.MS.MRG.3IMERG.20201008-S033000-E035959.0210.V07B.HDF5
nasa_gpm_imerg_final_v07b_portmore_october_2020,nasa_gpm_imerg/GPM_3IMERGHH_07/V07B/2020/10/3B-HHR.MS.MRG.3IMERG.20201008-S040000-E042959.0240.V07B.HDF5,3B-HHR.MS.MRG.3IMERG.20201008-S040000-E042959.0240.V07B.HDF5,https://data.gesdisc.earthdata.nasa.gov/data/GPM_L3/GPM_3IMERGHH.07/2020/282/3B-HHR.MS.MRG.3IMERG.20201008-S040000-E042959.0240.V07B.HDF5,NASA GES DISC,GPM_3IMERGHH_07 / V07B,2020,2026-08-16T05:16:40.737372Z,2026-08-16T05:35:51.734642Z,8111195,4433a97330609523070e9239e40cbcc66f4636e21823ec8107e2149db52bb1c5,NASA Earth science data; retain NASA/GPM attribution and source URL,development_calibration,downloaded_at_utc is host filesystem mtime; no separate operator retrieval record was supplied.,2020-10-08T04:00:00Z,2020-10-08T04:30:00Z,GPM_3IMERGHH.07:3B-HHR.MS.MRG.3IMERG.20201008-S040000-E042959.0240.V07B.HDF5
nasa_gpm_imerg_final_v07b_portmore_october_2020,nasa_gpm_imerg/GPM_3IMERGHH_07/V07B/2020/10/3B-HHR.MS.MRG.3IMERG.20201008-S043000-E045959.0270.V07B.HDF5,3B-HHR.MS.MRG.3IMERG.20201008-S043000-E045959.0270.V07B.HDF5,https://data.gesdisc.earthdata.nasa.gov/data/GPM_L3/GPM_3IMERGHH.07/2020/282/3B-HHR.MS.MRG.3IMERG.20201008-S043000-E045959.0270.V07B.HDF5,NASA GES DISC,GPM_3IMERGHH_07 / V07B,2020,2026-08-16T05:16:42.038264Z,2026-08-16T05:35:51.756741Z,8026422,640168ea5fbd6e2a03e9d8d5cc3a6ca2febd757bda5ea441a289d6b4cd2f0029,NASA Earth science data; retain NASA/GPM attribution and source URL,development_calibration,downloaded_at_utc is host filesystem mtime; no separate operator retrieval record was supplied.,2020-10-08T04:30:00Z,2020-10-08T05:00:00Z,GPM_3IMERGHH.07:3B-HHR.MS.MRG.3IMERG.20201008-S043000-E045959.0270.V07B.HDF5
nasa_gpm_imerg_final_v07b_portmore_october_2020,nasa_gpm_imerg/GPM_3IMERGHH_07/V07B/2020/10/3B-HHR.MS.MRG.3IMERG.20201008-S050000-E052959.0300.V07B.HDF5,3B-HHR.MS.MRG.3IMERG.20201008-S050000-E052959.0300.V07B.HDF5,https://data.gesdisc.earthdata.nasa.gov/data/GPM_L3/GPM_3IMERGHH.07/2020/282/3B-HHR.MS.MRG.3IMERG.20201008-S050000-E052959.0300.V07B.HDF5,NASA GES DISC,GPM_3IMERGHH_07 / V07B,2020,2026-08-16T05:16:43.326359Z,2026-08-16T05:35:51.780084Z,8091533,6e84eb47833292b0acc24e0b9bfafb74c706d98357ace06d2972091d2071233d,NASA Earth science data; retain NASA/GPM attribution and source URL,development_calibration,downloaded_at_utc is host filesystem mtime; no separate operator retrieval record was supplied.,2020-10-08T05:00:00Z,2020-10-08T05:30:00Z,GPM_3IMERGHH.07:3B-HHR.MS.MRG.3IMERG.20201008-S050000-E052959.0300.V07B.HDF5
nasa_gpm_imerg_final_v07b_portmore_october_2020,nasa_gpm_imerg/GPM_3IMERGHH_07/V07B/2020/10/3B-HHR.MS.MRG.3IMERG.20201008-S053000-E055959.0330.V07B.HDF5,3B-HHR.MS.MRG.3IMERG.20201008-S053000-E055959.0330.V07B.HDF5,https://data.gesdisc.earthdata.nasa.gov/data/GPM_L3/GPM_3IMERGHH.07/2020/282/3B-HHR.MS.MRG.3IMERG.20201008-S053000-E055959.0330.V07B.HDF5,NASA GES DISC,GPM_3IMERGHH_07 / V07B,2020,2026-08-16T05:16:44.786283Z,2026-08-16T05:35:51.799342Z,8124068,08f27981fb47008949398b3da783f9d3c5b915c46481ae641dd175d5df30d52b,NASA Earth science data; retain NASA/GPM attribution and source URL,development_calibration,downloaded_at_utc is host filesystem mtime; no separate operator retrieval record was supplied.,2020-10-08T05:30:00Z,2020-10-08T06:00:00Z,GPM_3IMERGHH.07:3B-HHR.MS.MRG.3IMERG.20201008-S053000-E055959.0330.V07B.HDF5
nasa_gpm_imerg_final_v07b_portmore_october_2020,nasa_gpm_imerg/GPM_3IMERGHH_07/V07B/2020/10/3B-HHR.MS.MRG.3IMERG.20201008-S060000-E062959.0360.V07B.HDF5,3B-HHR.MS.MRG.3IMERG.20201008-S060000-E062959.0360.V07B.HDF5,https://data.gesdisc.earthdata.nasa.gov/data/GPM_L3/GPM_3IMERGHH.07/2020/282/3B-HHR.MS.MRG.3IMERG.20201008-S060000-E062959.0360.V07B.HDF5,NASA GES DISC,GPM_3IMERGHH_07 / V07B,2020,2026-08-16T05:16:46.129529Z,2026-08-16T05:35:51.819376Z,8134753,ad2b2d2525879bd875877d8b6ef412f01f999e281f76779bd7b207c916bc2a6f,NASA Earth science data; retain NASA/GPM attribution and source URL,development_calibration,downloaded_at_utc is host filesystem mtime; no separate operator retrieval record was supplied.,2020-10-08T06:00:00Z,2020-10-08T06:30:00Z,GPM_3IMERGHH.07:3B-HHR.MS.MRG.3IMERG.20201008-S060000-E062959.0360.V07B.HDF5
nasa_gpm_imerg_final_v07b_portmore_october_2020,nasa_gpm_imerg/GPM_3IMERGHH_07/V07B/2020/10/3B-HHR.MS.MRG.3IMERG.20201008-S063000-E065959.0390.V07B.HDF5,3B-HHR.MS.MRG.3IMERG.20201008-S063000-E065959.0390.V07B.HDF5,https://data.gesdisc.earthdata.nasa.gov/data/GPM_L3/GPM_3IMERGHH.07/2020/282/3B-HHR.MS.MRG.3IMERG.20201008-S063000-E065959.0390.V07B.HDF5,NASA GES DISC,GPM_3IMERGHH_07 / V07B,2020,2026-08-16T05:16:47.461634Z,2026-08-16T05:35:51.840452Z,8173375,936dd6155d1b4a33e71f02d783108f11f0cb2996cc4f88bdc3e1a5ef1f5682dc,NASA Earth science data; retain NASA/GPM attribution and source URL,development_calibration,downloaded_at_utc is host filesystem mtime; no separate operator retrieval record was supplied.,2020-10-08T06:30:00Z,2020-10-08T07:00:00Z,GPM_3IMERGHH.07:3B-HHR.MS.MRG.3IMERG.20201008-S063000-E065959.0390.V07B.HDF5
nasa_gpm_imerg_final_v07b_portmore_october_2020,nasa_gpm_imerg/GPM_3IMERGHH_07/V07B/2020/10/3B-HHR.MS.MRG.3IMERG.20201008-S070000-E072959.0420.V07B.HDF5,3B-HHR.MS.MRG.3IMERG.20201008-S070000-E072959.0420.V07B.HDF5,https://data.gesdisc.earthdata.nasa.gov/data/GPM_L3/GPM_3IMERGHH.07/2020/282/3B-HHR.MS.MRG.3IMERG.20201008-S070000-E072959.0420.V07B.HDF5,NASA GES DISC,GPM_3IMERGHH_07 / V07B,2020,2026-08-16T05:16:48.864952Z,2026-08-16T05:35:51.863584Z,8042078,0037bf41471dd3936f515ef9ca948236ed3bec94de3163a3880f6e94b37f6667,NASA Earth science data; retain NASA/GPM attribution and source URL,development_calibration,downloaded_at_utc is host filesystem mtime; no separate operator retrieval record was supplied.,2020-10-08T07:00:00Z,2020-10-08T07:30:00Z,GPM_3IMERGHH.07:3B-HHR.MS.MRG.3IMERG.20201008-S070000-E072959.0420.V07B.HDF5
nasa_gpm_imerg_final_v07b_portmore_october_2020,nasa_gpm_imerg/GPM_3IMERGHH_07/V07B/2020/10/3B-HHR.MS.MRG.3IMERG.20201008-S073000-E075959.0450.V07B.HDF5,3B-HHR.MS.MRG.3IMERG.20201008-S073000-E075959.0450.V07B.HDF5,https://data.gesdisc.earthdata.nasa.gov/data/GPM_L3/GPM_3IMERGHH.07/2020/282/3B-HHR.MS.MRG.3IMERG.20201008-S073000-E075959.0450.V07B.HDF5,NASA GES DISC,GPM_3IMERGHH_07 / V07B,2020,2026-08-16T05:16:50.223936Z,2026-08-16T05:35:51.887580Z,8129943,2d9eb597204096ad0587bdcab4493e3da9ebb9b53e1d0cbe1f2fd4325ef7632c,NASA Earth science data; retain NASA/GPM attribution and source URL,development_calibration,downloaded_at_utc is host filesystem mtime; no separate operator retrieval record was supplied.,2020-10-08T07:30:00Z,2020-10-08T08:00:00Z,GPM_3IMERGHH.07:3B-HHR.MS.MRG.3IMERG.20201008-S073000-E075959.0450.V07B.HDF5
nasa_gpm_imerg_final_v07b_portmore_october_2020,nasa_gpm_imerg/GPM_3IMERGHH_07/V07B/2020/10/3B-HHR.MS.MRG.3IMERG.20201008-S080000-E082959.0480.V07B.HDF5,3B-HHR.MS.MRG.3IMERG.20201008-S080000-E082959.0480.V07B.HDF5,https://data.gesdisc.earthdata.nasa.gov/data/GPM_L3/GPM_3IMERGHH.07/2020/282/3B-HHR.MS.MRG.3IMERG.20201008-S080000-E082959.0480.V07B.HDF5,NASA GES DISC,GPM_3IMERGHH_07 / V07B,2020,2026-08-16T05:16:51.533795Z,2026-08-16T05:35:51.905764Z,8079495,7b0b7f1fdcd6c8f7a5eebae8b59213b9496bc9adc33d862f282cf6361a91fadb,NASA Earth science data; retain NASA/GPM attribution and source URL,development_calibration,downloaded_at_utc is host filesystem mtime; no separate operator retrieval record was supplied.,2020-10-08T08:00:00Z,2020-10-08T08:30:00Z,GPM_3IMERGHH.07:3B-HHR.MS.MRG.3IMERG.20201008-S080000-E082959.0480.V07B.HDF5
nasa_gpm_imerg_final_v07b_portmore_october_2020,nasa_gpm_imerg/GPM_3IMERGHH_07/V07B/2020/10/3B-HHR.MS.MRG.3IMERG.20201008-S083000-E085959.0510.V07B.HDF5,3B-HHR.MS.MRG.3IMERG.20201008-S083000-E085959.0510.V07B.HDF5,https://data.gesdisc.earthdata.nasa.gov/data/GPM_L3/GPM_3IMERGHH.07/2020/282/3B-HHR.MS.MRG.3IMERG.20201008-S083000-E085959.0510.V07B.HDF5,NASA GES DISC,GPM_3IMERGHH_07 / V07B,2020,2026-08-16T05:16:52.998827Z,2026-08-16T05:35:51.925027Z,8047060,cb0db9ee9009df551ee00d131b06f6143a35246668cf7460e09ff14098e4ece7,NASA Earth science data; retain NASA/GPM attribution and source URL,development_calibration,downloaded_at_utc is host filesystem mtime; no separate operator retrieval record was supplied.,2020-10-08T08:30:00Z,2020-10-08T09:00:00Z,GPM_3IMERGHH.07:3B-HHR.MS.MRG.3IMERG.20201008-S083000-E085959.0510.V07B.HDF5
nasa_gpm_imerg_final_v07b_portmore_october_2020,nasa_gpm_imerg/GPM_3IMERGHH_07/V07B/2020/10/3B-HHR.MS.MRG.3IMERG.20201008-S090000-E092959.0540.V07B.HDF5,3B-HHR.MS.MRG.3IMERG.20201008-S090000-E092959.0540.V07B.HDF5,https://data.gesdisc.earthdata.nasa.gov/data/GPM_L3/GPM_3IMERGHH.07/2020/282/3B-HHR.MS.MRG.3IMERG.20201008-S090000-E092959.0540.V07B.HDF5,NASA GES DISC,GPM_3IMERGHH_07 / V07B,2020,2026-08-16T05:16:54.370717Z,2026-08-16T05:35:51.944226Z,8097298,ac3ab1b8799e35901dc9320034670b8e9970cce0a27420fd6a55e6b7ae0a895c,NASA Earth science data; retain NASA/GPM attribution and source URL,development_calibration,downloaded_at_utc is host filesystem mtime; no separate operator retrieval record was supplied.,2020-10-08T09:00:00Z,2020-10-08T09:30:00Z,GPM_3IMERGHH.07:3B-HHR.MS.MRG.3IMERG.20201008-S090000-E092959.0540.V07B.HDF5
nasa_gpm_imerg_final_v07b_portmore_october_2020,nasa_gpm_imerg/GPM_3IMERGHH_07/V07B/2020/10/3B-HHR.MS.MRG.3IMERG.20201008-S093000-E095959.0570.V07B.HDF5,3B-HHR.MS.MRG.3IMERG.20201008-S093000-E095959.0570.V07B.HDF5,https://data.gesdisc.earthdata.nasa.gov/data/GPM_L3/GPM_3IMERGHH.07/2020/282/3B-HHR.MS.MRG.3IMERG.20201008-S093000-E095959.0570.V07B.HDF5,NASA GES DISC,GPM_3IMERGHH_07 / V07B,2020,2026-08-16T05:16:55.776434Z,2026-08-16T05:35:51.963822Z,7999535,c56aebe95a657baf4dfe1483c753d4a35ecb49c1e5d0bce148f9d7884c82f0a9,NASA Earth science data; retain NASA/GPM attribution and source URL,development_calibration,downloaded_at_utc is host filesystem mtime; no separate operator retrieval record was supplied.,2020-10-08T09:30:00Z,2020-10-08T10:00:00Z,GPM_3IMERGHH.07:3B-HHR.MS.MRG.3IMERG.20201008-S093000-E095959.0570.V07B.HDF5
nasa_gpm_imerg_final_v07b_portmore_october_2020,nasa_gpm_imerg/GPM_3IMERGHH_07/V07B/2020/10/3B-HHR.MS.MRG.3IMERG.20201008-S100000-E102959.0600.V07B.HDF5,3B-HHR.MS.MRG.3IMERG.20201008-S100000-E102959.0600.V07B.HDF5,https://data.gesdisc.earthdata.nasa.gov/data/GPM_L3/GPM_3IMERGHH.07/2020/282/3B-HHR.MS.MRG.3IMERG.20201008-S100000-E102959.0600.V07B.HDF5,NASA GES DISC,GPM_3IMERGHH_07 / V07B,2020,2026-08-16T05:16:57.118295Z,2026-08-16T05:35:51.984548Z,8033439,1f724faf02b47807a58217cef630affe088a8832e0c3fe72b08669692b1eabc7,NASA Earth science data; retain NASA/GPM attribution and source URL,development_calibration,downloaded_at_utc is host filesystem mtime; no separate operator retrieval record was supplied.,2020-10-08T10:00:00Z,2020-10-08T10:30:00Z,GPM_3IMERGHH.07:3B-HHR.MS.MRG.3IMERG.20201008-S100000-E102959.0600.V07B.HDF5
nasa_gpm_imerg_final_v07b_portmore_october_2020,nasa_gpm_imerg/GPM_3IMERGHH_07/V07B/2020/10/3B-HHR.MS.MRG.3IMERG.20201008-S103000-E105959.0630.V07B.HDF5,3B-HHR.MS.MRG.3IMERG.20201008-S103000-E105959.0630.V07B.HDF5,https://data.gesdisc.earthdata.nasa.gov/data/GPM_L3/GPM_3IMERGHH.07/2020/282/3B-HHR.MS.MRG.3IMERG.20201008-S103000-E105959.0630.V07B.HDF5,NASA GES DISC,GPM_3IMERGHH_07 / V07B,2020,2026-08-16T05:16:58.435856Z,2026-08-16T05:35:52.006917Z,8126356,150239422d3cb255b395e7a8a696aca2d13ca2d1ab54ffd057a558898b39feb2,NASA Earth science data; retain NASA/GPM attribution and source URL,development_calibration,downloaded_at_utc is host filesystem mtime; no separate operator retrieval record was supplied.,2020-10-08T10:30:00Z,2020-10-08T11:00:00Z,GPM_3IMERGHH.07:3B-HHR.MS.MRG.3IMERG.20201008-S103000-E105959.0630.V07B.HDF5
nasa_gpm_imerg_final_v07b_portmore_october_2020,nasa_gpm_imerg/GPM_3IMERGHH_07/V07B/2020/10/3B-HHR.MS.MRG.3IMERG.20201008-S110000-E112959.0660.V07B.HDF5,3B-HHR.MS.MRG.3IMERG.20201008-S110000-E112959.0660.V07B.HDF5,https://data.gesdisc.earthdata.nasa.gov/data/GPM_L3/GPM_3IMERGHH.07/2020/282/3B-HHR.MS.MRG.3IMERG.20201008-S110000-E112959.0660.V07B.HDF5,NASA GES DISC,GPM_3IMERGHH_07 / V07B,2020,2026-08-16T05:16:59.798628Z,2026-08-16T05:35:52.026466Z,8018421,947634d27626bd773ab91b62035d85dc0b11639010e5b49e3531fae3633896f5,NASA Earth science data; retain NASA/GPM attribution and source URL,development_calibration,downloaded_at_utc is host filesystem mtime; no separate operator retrieval record was supplied.,2020-10-08T11:00:00Z,2020-10-08T11:30:00Z,GPM_3IMERGHH.07:3B-HHR.MS.MRG.3IMERG.20201008-S110000-E112959.0660.V07B.HDF5
nasa_gpm_imerg_final_v07b_portmore_october_2020,nasa_gpm_imerg/GPM_3IMERGHH_07/V07B/2020/10/3B-HHR.MS.MRG.3IMERG.20201008-S113000-E115959.0690.V07B.HDF5,3B-HHR.MS.MRG.3IMERG.20201008-S113000-E115959.0690.V07B.HDF5,https://data.gesdisc.earthdata.nasa.gov/data/GPM_L3/GPM_3IMERGHH.07/2020/282/3B-HHR.MS.MRG.3IMERG.20201008-S113000-E115959.0690.V07B.HDF5,NASA GES DISC,GPM_3IMERGHH_07 / V07B,2020,2026-08-16T05:17:01.136642Z,2026-08-16T05:35:52.046444Z,8016005,3ab44dac8155673d140472caa9ae525ea867f352d9669183b506eb3003e20956,NASA Earth science data; retain NASA/GPM attribution and source URL,development_calibration,downloaded_at_utc is host filesystem mtime; no separate operator retrieval record was supplied.,2020-10-08T11:30:00Z,2020-10-08T12:00:00Z,GPM_3IMERGHH.07:3B-HHR.MS.MRG.3IMERG.20201008-S113000-E115959.0690.V07B.HDF5
nasa_gpm_imerg_final_v07b_portmore_october_2020,nasa_gpm_imerg/GPM_3IMERGHH_07/V07B/2020/10/3B-HHR.MS.MRG.3IMERG.20201008-S120000-E122959.0720.V07B.HDF5,3B-HHR.MS.MRG.3IMERG.20201008-S120000-E122959.0720.V07B.HDF5,https://data.gesdisc.earthdata.nasa.gov/data/GPM_L3/GPM_3IMERGHH.07/2020/282/3B-HHR.MS.MRG.3IMERG.20201008-S120000-E122959.0720.V07B.HDF5,NASA GES DISC,GPM_3IMERGHH_07 / V07B,2020,2026-08-16T05:17:02.429459Z,2026-08-16T05:35:52.068680Z,8070213,9afd647c32fb4bdf8615f5cc2d5af02533eac3856d3b49b5205bdd2da1a0ce8d,NASA Earth science data; retain NASA/GPM attribution and source URL,development_calibration,downloaded_at_utc is host filesystem mtime; no separate operator retrieval record was supplied.,2020-10-08T12:00:00Z,2020-10-08T12:30:00Z,GPM_3IMERGHH.07:3B-HHR.MS.MRG.3IMERG.20201008-S120000-E122959.0720.V07B.HDF5
nasa_gpm_imerg_final_v07b_portmore_october_2020,nasa_gpm_imerg/GPM_3IMERGHH_07/V07B/2020/10/3B-HHR.MS.MRG.3IMERG.20201008-S123000-E125959.0750.V07B.HDF5,3B-HHR.MS.MRG.3IMERG.20201008-S123000-E125959.0750.V07B.HDF5,https://data.gesdisc.earthdata.nasa.gov/data/GPM_L3/GPM_3IMERGHH.07/2020/282/3B-HHR.MS.MRG.3IMERG.20201008-S123000-E125959.0750.V07B.HDF5,NASA GES DISC,GPM_3IMERGHH_07 / V07B,2020,2026-08-16T05:17:03.976333Z,2026-08-16T05:35:52.087493Z,8000690,95425269c03b54047cf735ee7f22777f669681f2b3cf173312660249ba5a4234,NASA Earth science data; retain NASA/GPM attribution and source URL,development_calibration,downloaded_at_utc is host filesystem mtime; no separate operator retrieval record was supplied.,2020-10-08T12:30:00Z,2020-10-08T13:00:00Z,GPM_3IMERGHH.07:3B-HHR.MS.MRG.3IMERG.20201008-S123000-E125959.0750.V07B.HDF5
nasa_gpm_imerg_final_v07b_portmore_october_2020,nasa_gpm_imerg/GPM_3IMERGHH_07/V07B/2020/10/3B-HHR.MS.MRG.3IMERG.20201008-S130000-E132959.0780.V07B.HDF5,3B-HHR.MS.MRG.3IMERG.20201008-S130000-E132959.0780.V07B.HDF5,https://data.gesdisc.earthdata.nasa.gov/data/GPM_L3/GPM_3IMERGHH.07/2020/282/3B-HHR.MS.MRG.3IMERG.20201008-S130000-E132959.0780.V07B.HDF5,NASA GES DISC,GPM_3IMERGHH_07 / V07B,2020,2026-08-16T05:17:05.330264Z,2026-08-16T05:35:52.106090Z,7988060,b886fb7136c41a4652f6a0fa3e4eb95ce7b6aa88287a688b4d7822fd72559a00,NASA Earth science data; retain NASA/GPM attribution and source URL,development_calibration,downloaded_at_utc is host filesystem mtime; no separate operator retrieval record was supplied.,2020-10-08T13:00:00Z,2020-10-08T13:30:00Z,GPM_3IMERGHH.07:3B-HHR.MS.MRG.3IMERG.20201008-S130000-E132959.0780.V07B.HDF5
nasa_gpm_imerg_final_v07b_portmore_october_2020,nasa_gpm_imerg/GPM_3IMERGHH_07/V07B/2020/10/3B-HHR.MS.MRG.3IMERG.20201008-S133000-E135959.0810.V07B.HDF5,3B-HHR.MS.MRG.3IMERG.20201008-S133000-E135959.0810.V07B.HDF5,https://data.gesdisc.earthdata.nasa.gov/data/GPM_L3/GPM_3IMERGHH.07/2020/282/3B-HHR.MS.MRG.3IMERG.20201008-S133000-E135959.0810.V07B.HDF5,NASA GES DISC,GPM_3IMERGHH_07 / V07B,2020,2026-08-16T05:17:06.728919Z,2026-08-16T05:35:52.124879Z,8136288,21672c30495fe19add6136375443656c80359a2e5e44c35c6a42b1f2cd9f73af,NASA Earth science data; retain NASA/GPM attribution and source URL,development_calibration,downloaded_at_utc is host filesystem mtime; no separate operator retrieval record was supplied.,2020-10-08T13:30:00Z,2020-10-08T14:00:00Z,GPM_3IMERGHH.07:3B-HHR.MS.MRG.3IMERG.20201008-S133000-E135959.0810.V07B.HDF5
nasa_gpm_imerg_final_v07b_portmore_october_2020,nasa_gpm_imerg/GPM_3IMERGHH_07/V07B/2020/10/3B-HHR.MS.MRG.3IMERG.20201008-S140000-E142959.0840.V07B.HDF5,3B-HHR.MS.MRG.3IMERG.20201008-S140000-E142959.0840.V07B.HDF5,https://data.gesdisc.earthdata.nasa.gov/data/GPM_L3/GPM_3IMERGHH.07/2020/282/3B-HHR.MS.MRG.3IMERG.20201008-S140000-E142959.0840.V07B.HDF5,NASA GES DISC,GPM_3IMERGHH_07 / V07B,2020,2026-08-16T05:17:08.082939Z,2026-08-16T05:35:52.143628Z,8029369,48580be3c8cf5942c3dd26c15a0e216ec82de44a0f324531e2fe8b4af7b308bb,NASA Earth science data; retain NASA/GPM attribution and source URL,development_calibration,downloaded_at_utc is host filesystem mtime; no separate operator retrieval record was supplied.,2020-10-08T14:00:00Z,2020-10-08T14:30:00Z,GPM_3IMERGHH.07:3B-HHR.MS.MRG.3IMERG.20201008-S140000-E142959.0840.V07B.HDF5
nasa_gpm_imerg_final_v07b_portmore_october_2020,nasa_gpm_imerg/GPM_3IMERGHH_07/V07B/2020/10/3B-HHR.MS.MRG.3IMERG.20201008-S143000-E145959.0870.V07B.HDF5,3B-HHR.MS.MRG.3IMERG.20201008-S143000-E145959.0870.V07B.HDF5,https://data.gesdisc.earthdata.nasa.gov/data/GPM_L3/GPM_3IMERGHH.07/2020/282/3B-HHR.MS.MRG.3IMERG.20201008-S143000-E145959.0870.V07B.HDF5,NASA GES DISC,GPM_3IMERGHH_07 / V07B,2020,2026-08-16T05:17:09.465247Z,2026-08-16T05:35:52.164561Z,7980979,5b86785276801197c3c40ef72a6697c81914e8f7eaa50ab082d2782e06db79e2,NASA Earth science data; retain NASA/GPM attribution and source URL,development_calibration,downloaded_at_utc is host filesystem mtime; no separate operator retrieval record was supplied.,2020-10-08T14:30:00Z,2020-10-08T15:00:00Z,GPM_3IMERGHH.07:3B-HHR.MS.MRG.3IMERG.20201008-S143000-E145959.0870.V07B.HDF5
nasa_gpm_imerg_final_v07b_portmore_october_2020,nasa_gpm_imerg/GPM_3IMERGHH_07/V07B/2020/10/3B-HHR.MS.MRG.3IMERG.20201008-S150000-E152959.0900.V07B.HDF5,3B-HHR.MS.MRG.3IMERG.20201008-S150000-E152959.0900.V07B.HDF5,https://data.gesdisc.earthdata.nasa.gov/data/GPM_L3/GPM_3IMERGHH.07/2020/282/3B-HHR.MS.MRG.3IMERG.20201008-S150000-E152959.0900.V07B.HDF5,NASA GES DISC,GPM_3IMERGHH_07 / V07B,2020,2026-08-16T05:17:10.817124Z,2026-08-16T05:35:52.184737Z,8071983,34b2b8d5da7b60ebe10146300ca0612bf08aec8341cceb160b5660421e04ef10,NASA Earth science data; retain NASA/GPM attribution and source URL,development_calibration,downloaded_at_utc is host filesystem mtime; no separate operator retrieval record was supplied.,2020-10-08T15:00:00Z,2020-10-08T15:30:00Z,GPM_3IMERGHH.07:3B-HHR.MS.MRG.3IMERG.20201008-S150000-E152959.0900.V07B.HDF5
nasa_gpm_imerg_final_v07b_portmore_october_2020,nasa_gpm_imerg/GPM_3IMERGHH_07/V07B/2020/10/3B-HHR.MS.MRG.3IMERG.20201008-S153000-E155959.0930.V07B.HDF5,3B-HHR.MS.MRG.3IMERG.20201008-S153000-E155959.0930.V07B.HDF5,https://data.gesdisc.earthdata.nasa.gov/data/GPM_L3/GPM_3IMERGHH.07/2020/282/3B-HHR.MS.MRG.3IMERG.20201008-S153000-E155959.0930.V07B.HDF5,NASA GES DISC,GPM_3IMERGHH_07 / V07B,2020,2026-08-16T05:17:12.269533Z,2026-08-16T05:35:52.206401Z,7954427,5b1e6a14dd071523668d4ee44444418c7bfd9fb56e49ad5b40cbd0ed028810e2,NASA Earth science data; retain NASA/GPM attribution and source URL,development_calibration,downloaded_at_utc is host filesystem mtime; no separate operator retrieval record was supplied.,2020-10-08T15:30:00Z,2020-10-08T16:00:00Z,GPM_3IMERGHH.07:3B-HHR.MS.MRG.3IMERG.20201008-S153000-E155959.0930.V07B.HDF5
nasa_gpm_imerg_final_v07b_portmore_october_2020,nasa_gpm_imerg/GPM_3IMERGHH_07/V07B/2020/10/3B-HHR.MS.MRG.3IMERG.20201008-S160000-E162959.0960.V07B.HDF5,3B-HHR.MS.MRG.3IMERG.20201008-S160000-E162959.0960.V07B.HDF5,https://data.gesdisc.earthdata.nasa.gov/data/GPM_L3/GPM_3IMERGHH.07/2020/282/3B-HHR.MS.MRG.3IMERG.20201008-S160000-E162959.0960.V07B.HDF5,NASA GES DISC,GPM_3IMERGHH_07 / V07B,2020,2026-08-16T05:17:13.621381Z,2026-08-16T05:35:52.227164Z,7983535,5c6e140f41cc8be1976274a69a52c237481218c9f9f79701a2b94d537978ee3a,NASA Earth science data; retain NASA/GPM attribution and source URL,development_calibration,downloaded_at_utc is host filesystem mtime; no separate operator retrieval record was supplied.,2020-10-08T16:00:00Z,2020-10-08T16:30:00Z,GPM_3IMERGHH.07:3B-HHR.MS.MRG.3IMERG.20201008-S160000-E162959.0960.V07B.HDF5
nasa_gpm_imerg_final_v07b_portmore_october_2020,nasa_gpm_imerg/GPM_3IMERGHH_07/V07B/2020/10/3B-HHR.MS.MRG.3IMERG.20201008-S163000-E165959.0990.V07B.HDF5,3B-HHR.MS.MRG.3IMERG.20201008-S163000-E165959.0990.V07B.HDF5,https://data.gesdisc.earthdata.nasa.gov/data/GPM_L3/GPM_3IMERGHH.07/2020/282/3B-HHR.MS.MRG.3IMERG.20201008-S163000-E165959.0990.V07B.HDF5,NASA GES DISC,GPM_3IMERGHH_07 / V07B,2020,2026-08-16T05:17:14.955794Z,2026-08-16T05:35:52.247155Z,7973377,f9a63a2528dce17f9b208aaa7300254ad7a164bc7c3a5172c862bf3d0eb4f78c,NASA Earth science data; retain NASA/GPM attribution and source URL,development_calibration,downloaded_at_utc is host filesystem mtime; no separate operator retrieval record was supplied.,2020-10-08T16:30:00Z,2020-10-08T17:00:00Z,GPM_3IMERGHH.07:3B-HHR.MS.MRG.3IMERG.20201008-S163000-E165959.0990.V07B.HDF5
nasa_gpm_imerg_final_v07b_portmore_october_2020,nasa_gpm_imerg/GPM_3IMERGHH_07/V07B/2020/10/3B-HHR.MS.MRG.3IMERG.20201008-S170000-E172959.1020.V07B.HDF5,3B-HHR.MS.MRG.3IMERG.20201008-S170000-E172959.1020.V07B.HDF5,https://data.gesdisc.earthdata.nasa.gov/data/GPM_L3/GPM_3IMERGHH.07/2020/282/3B-HHR.MS.MRG.3IMERG.20201008-S170000-E172959.1020.V07B.HDF5,NASA GES DISC,GPM_3IMERGHH_07 / V07B,2020,2026-08-16T05:17:16.356755Z,2026-08-16T05:35:52.267449Z,7770445,d59074c7c9533d7f898389f427d75297717a9c62db281b154ff34e0c240b48f6,NASA Earth science data; retain NASA/GPM attribution and source URL,development_calibration,downloaded_at_utc is host filesystem mtime; no separate operator retrieval record was supplied.,2020-10-08T17:00:00Z,2020-10-08T17:30:00Z,GPM_3IMERGHH.07:3B-HHR.MS.MRG.3IMERG.20201008-S170000-E172959.1020.V07B.HDF5
nasa_gpm_imerg_final_v07b_portmore_october_2020,nasa_gpm_imerg/GPM_3IMERGHH_07/V07B/2020/10/3B-HHR.MS.MRG.3IMERG.20201008-S173000-E175959.1050.V07B.HDF5,3B-HHR.MS.MRG.3IMERG.20201008-S173000-E175959.1050.V07B.HDF5,https://data.gesdisc.earthdata.nasa.gov/data/GPM_L3/GPM_3IMERGHH.07/2020/282/3B-HHR.MS.MRG.3IMERG.20201008-S173000-E175959.1050.V07B.HDF5,NASA GES DISC,GPM_3IMERGHH_07 / V07B,2020,2026-08-16T05:17:17.686158Z,2026-08-16T05:35:52.286938Z,7967754,3e63407adcce87acb715917a346dbd32b42930271a3c41e99bdfe6910fbda0d4,NASA Earth science data; retain NASA/GPM attribution and source URL,development_calibration,downloaded_at_utc is host filesystem mtime; no separate operator retrieval record was supplied.,2020-10-08T17:30:00Z,2020-10-08T18:00:00Z,GPM_3IMERGHH.07:3B-HHR.MS.MRG.3IMERG.20201008-S173000-E175959.1050.V07B.HDF5
nasa_gpm_imerg_final_v07b_portmore_october_2020,nasa_gpm_imerg/GPM_3IMERGHH_07/V07B/2020/10/3B-HHR.MS.MRG.3IMERG.20201008-S180000-E182959.1080.V07B.HDF5,3B-HHR.MS.MRG.3IMERG.20201008-S180000-E182959.1080.V07B.HDF5,https://data.gesdisc.earthdata.nasa.gov/data/GPM_L3/GPM_3IMERGHH.07/2020/282/3B-HHR.MS.MRG.3IMERG.20201008-S180000-E182959.1080.V07B.HDF5,NASA GES DISC,GPM_3IMERGHH_07 / V07B,2020,2026-08-16T05:17:19.019986Z,2026-08-16T05:35:52.306163Z,7955567,c5edb5623ff511773680511eeddef621d7039b70ccfd5b218317730f24a77311,NASA Earth science data; retain NASA/GPM attribution and source URL,development_calibration,downloaded_at_utc is host filesystem mtime; no separate operator retrieval record was supplied.,2020-10-08T18:00:00Z,2020-10-08T18:30:00Z,GPM_3IMERGHH.07:3B-HHR.MS.MRG.3IMERG.20201008-S180000-E182959.1080.V07B.HDF5
nasa_gpm_imerg_final_v07b_portmore_october_2020,nasa_gpm_imerg/GPM_3IMERGHH_07/V07B/2020/10/3B-HHR.MS.MRG.3IMERG.20201008-S183000-E185959.1110.V07B.HDF5,3B-HHR.MS.MRG.3IMERG.20201008-S183000-E185959.1110.V07B.HDF5,https://data.gesdisc.earthdata.nasa.gov/data/GPM_L3/GPM_3IMERGHH.07/2020/282/3B-HHR.MS.MRG.3IMERG.20201008-S183000-E185959.1110.V07B.HDF5,NASA GES DISC,GPM_3IMERGHH_07 / V07B,2020,2026-08-16T05:17:20.530516Z,2026-08-16T05:35:52.327505Z,7927940,4dafb1ce74acb811ad8231fbe32c87d5e27c171f3b5a5a90e215c29ff2533569,NASA Earth science data; retain NASA/GPM attribution and source URL,development_calibration,downloaded_at_utc is host filesystem mtime; no separate operator retrieval record was supplied.,2020-10-08T18:30:00Z,2020-10-08T19:00:00Z,GPM_3IMERGHH.07:3B-HHR.MS.MRG.3IMERG.20201008-S183000-E185959.1110.V07B.HDF5
nasa_gpm_imerg_final_v07b_portmore_october_2020,nasa_gpm_imerg/GPM_3IMERGHH_07/V07B/2020/10/3B-HHR.MS.MRG.3IMERG.20201008-S190000-E192959.1140.V07B.HDF5,3B-HHR.MS.MRG.3IMERG.20201008-S190000-E192959.1140.V07B.HDF5,https://data.gesdisc.earthdata.nasa.gov/data/GPM_L3/GPM_3IMERGHH.07/2020/282/3B-HHR.MS.MRG.3IMERG.20201008-S190000-E192959.1140.V07B.HDF5,NASA GES DISC,GPM_3IMERGHH_07 / V07B,2020,2026-08-16T05:17:21.866479Z,2026-08-16T05:35:52.349556Z,7984118,346a354eb4544dd6294018ff274eb973fa528e10781c389c8bf84f0b5bf6ed33,NASA Earth science data; retain NASA/GPM attribution and source URL,development_calibration,downloaded_at_utc is host filesystem mtime; no separate operator retrieval record was supplied.,2020-10-08T19:00:00Z,2020-10-08T19:30:00Z,GPM_3IMERGHH.07:3B-HHR.MS.MRG.3IMERG.20201008-S190000-E192959.1140.V07B.HDF5
nasa_gpm_imerg_final_v07b_portmore_october_2020,nasa_gpm_imerg/GPM_3IMERGHH_07/V07B/2020/10/3B-HHR.MS.MRG.3IMERG.20201008-S193000-E195959.1170.V07B.HDF5,3B-HHR.MS.MRG.3IMERG.20201008-S193000-E195959.1170.V07B.HDF5,https://data.gesdisc.earthdata.nasa.gov/data/GPM_L3/GPM_3IMERGHH.07/2020/282/3B-HHR.MS.MRG.3IMERG.20201008-S193000-E195959.1170.V07B.HDF5,NASA GES DISC,GPM_3IMERGHH_07 / V07B,2020,2026-08-16T05:17:23.307253Z,2026-08-16T05:35:52.370704Z,7980261,44c1700c8c617774b3b13c33405e2927abb448a0baed5f38ff909f91ad8dd330,NASA Earth science data; retain NASA/GPM attribution and source URL,development_calibration,downloaded_at_utc is host filesystem mtime; no separate operator retrieval record was supplied.,2020-10-08T19:30:00Z,2020-10-08T20:00:00Z,GPM_3IMERGHH.07:3B-HHR.MS.MRG.3IMERG.20201008-S193000-E195959.1170.V07B.HDF5
nasa_gpm_imerg_final_v07b_portmore_october_2020,nasa_gpm_imerg/GPM_3IMERGHH_07/V07B/2020/10/3B-HHR.MS.MRG.3IMERG.20201008-S200000-E202959.1200.V07B.HDF5,3B-HHR.MS.MRG.3IMERG.20201008-S200000-E202959.1200.V07B.HDF5,https://data.gesdisc.earthdata.nasa.gov/data/GPM_L3/GPM_3IMERGHH.07/2020/282/3B-HHR.MS.MRG.3IMERG.20201008-S200000-E202959.1200.V07B.HDF5,NASA GES DISC,GPM_3IMERGHH_07 / V07B,2020,2026-08-16T05:17:24.577307Z,2026-08-16T05:35:52.390343Z,7942060,7915a3c22d898d6f089abc2feb63b62c63ad66dbbe340bfd6986cb7245954ac6,NASA Earth science data; retain NASA/GPM attribution and source URL,development_calibration,downloaded_at_utc is host filesystem mtime; no separate operator retrieval record was supplied.,2020-10-08T20:00:00Z,2020-10-08T20:30:00Z,GPM_3IMERGHH.07:3B-HHR.MS.MRG.3IMERG.20201008-S200000-E202959.1200.V07B.HDF5
nasa_gpm_imerg_final_v07b_portmore_october_2020,nasa_gpm_imerg/GPM_3IMERGHH_07/V07B/2020/10/3B-HHR.MS.MRG.3IMERG.20201008-S203000-E205959.1230.V07B.HDF5,3B-HHR.MS.MRG.3IMERG.20201008-S203000-E205959.1230.V07B.HDF5,https://data.gesdisc.earthdata.nasa.gov/data/GPM_L3/GPM_3IMERGHH.07/2020/282/3B-HHR.MS.MRG.3IMERG.20201008-S203000-E205959.1230.V07B.HDF5,NASA GES DISC,GPM_3IMERGHH_07 / V07B,2020,2026-08-16T05:17:26.230169Z,2026-08-16T05:35:52.409402Z,7953540,1372e34a2693b20483369f78b963904797115c8409283c791292a898f7cf2d78,NASA Earth science data; retain NASA/GPM attribution and source URL,development_calibration,downloaded_at_utc is host filesystem mtime; no separate operator retrieval record was supplied.,2020-10-08T20:30:00Z,2020-10-08T21:00:00Z,GPM_3IMERGHH.07:3B-HHR.MS.MRG.3IMERG.20201008-S203000-E205959.1230.V07B.HDF5
nasa_gpm_imerg_final_v07b_portmore_october_2020,nasa_gpm_imerg/GPM_3IMERGHH_07/V07B/2020/10/3B-HHR.MS.MRG.3IMERG.20201008-S210000-E212959.1260.V07B.HDF5,3B-HHR.MS.MRG.3IMERG.20201008-S210000-E212959.1260.V07B.HDF5,https://data.gesdisc.earthdata.nasa.gov/data/GPM_L3/GPM_3IMERGHH.07/2020/282/3B-HHR.MS.MRG.3IMERG.20201008-S210000-E212959.1260.V07B.HDF5,NASA GES DISC,GPM_3IMERGHH_07 / V07B,2020,2026-08-16T05:17:27.584688Z,2026-08-16T05:35:52.430339Z,7917762,bd8df192175ab528fe7c99859701a609c49b3ec1f6e98f7732128bf717c33b20,NASA Earth science data; retain NASA/GPM attribution and source URL,development_calibration,downloaded_at_utc is host filesystem mtime; no separate operator retrieval record was supplied.,2020-10-08T21:00:00Z,2020-10-08T21:30:00Z,GPM_3IMERGHH.07:3B-HHR.MS.MRG.3IMERG.20201008-S210000-E212959.1260.V07B.HDF5
nasa_gpm_imerg_final_v07b_portmore_october_2020,nasa_gpm_imerg/GPM_3IMERGHH_07/V07B/2020/10/3B-HHR.MS.MRG.3IMERG.20201008-S213000-E215959.1290.V07B.HDF5,3B-HHR.MS.MRG.3IMERG.20201008-S213000-E215959.1290.V07B.HDF5,https://data.gesdisc.earthdata.nasa.gov/data/GPM_L3/GPM_3IMERGHH.07/2020/282/3B-HHR.MS.MRG.3IMERG.20201008-S213000-E215959.1290.V07B.HDF5,NASA GES DISC,GPM_3IMERGHH_07 / V07B,2020,2026-08-16T05:17:28.936445Z,2026-08-16T05:35:52.454407Z,7880544,093a58ca877f6e35e9fd144b13200196f28c8c48d4adeb779d5ecf107352f762,NASA Earth science data; retain NASA/GPM attribution and source URL,development_calibration,downloaded_at_utc is host filesystem mtime; no separate operator retrieval record was supplied.,2020-10-08T21:30:00Z,2020-10-08T22:00:00Z,GPM_3IMERGHH.07:3B-HHR.MS.MRG.3IMERG.20201008-S213000-E215959.1290.V07B.HDF5
nasa_gpm_imerg_final_v07b_portmore_october_2020,nasa_gpm_imerg/GPM_3IMERGHH_07/V07B/2020/10/3B-HHR.MS.MRG.3IMERG.20201008-S220000-E222959.1320.V07B.HDF5,3B-HHR.MS.MRG.3IMERG.20201008-S220000-E222959.1320.V07B.HDF5,https://data.gesdisc.earthdata.nasa.gov/data/GPM_L3/GPM_3IMERGHH.07/2020/282/3B-HHR.MS.MRG.3IMERG.20201008-S220000-E222959.1320.V07B.HDF5,NASA GES DISC,GPM_3IMERGHH_07 / V07B,2020,2026-08-16T05:17:30.331846Z,2026-08-16T05:35:52.477251Z,7881295,6217ed967c21c1ddc0cd8aa3947760fcccd18938a523cca41689422cfb452c1a,NASA Earth science data; retain NASA/GPM attribution and source URL,development_calibration,downloaded_at_utc is host filesystem mtime; no separate operator retrieval record was supplied.,2020-10-08T22:00:00Z,2020-10-08T22:30:00Z,GPM_3IMERGHH.07:3B-HHR.MS.MRG.3IMERG.20201008-S220000-E222959.1320.V07B.HDF5
nasa_gpm_imerg_final_v07b_portmore_october_2020,nasa_gpm_imerg/GPM_3IMERGHH_07/V07B/2020/10/3B-HHR.MS.MRG.3IMERG.20201008-S223000-E225959.1350.V07B.HDF5,3B-HHR.MS.MRG.3IMERG.20201008-S223000-E225959.1350.V07B.HDF5,https://data.gesdisc.earthdata.nasa.gov/data/GPM_L3/GPM_3IMERGHH.07/2020/282/3B-HHR.MS.MRG.3IMERG.20201008-S223000-E225959.1350.V07B.HDF5,NASA GES DISC,GPM_3IMERGHH_07 / V07B,2020,2026-08-16T05:17:31.699814Z,2026-08-16T05:35:52.500276Z,7942212,91927b2f206d9cb3b48780c49e9331357a911e455da5930cfafd13469c06c2d3,NASA Earth science data; retain NASA/GPM attribution and source URL,development_calibration,downloaded_at_utc is host filesystem mtime; no separate operator retrieval record was supplied.,2020-10-08T22:30:00Z,2020-10-08T23:00:00Z,GPM_3IMERGHH.07:3B-HHR.MS.MRG.3IMERG.20201008-S223000-E225959.1350.V07B.HDF5
nasa_gpm_imerg_final_v07b_portmore_october_2020,nasa_gpm_imerg/GPM_3IMERGHH_07/V07B/2020/10/3B-HHR.MS.MRG.3IMERG.20201008-S230000-E232959.1380.V07B.HDF5,3B-HHR.MS.MRG.3IMERG.20201008-S230000-E232959.1380.V07B.HDF5,https://data.gesdisc.earthdata.nasa.gov/data/GPM_L3/GPM_3IMERGHH.07/2020/282/3B-HHR.MS.MRG.3IMERG.20201008-S230000-E232959.1380.V07B.HDF5,NASA GES DISC,GPM_3IMERGHH_07 / V07B,2020,2026-08-16T05:17:33.262909Z,2026-08-16T05:35:52.522768Z,7913439,742e490cee02b2bf18c516aec4faf7788c4155b127afae6f55dbd058d23516be,NASA Earth science data; retain NASA/GPM attribution and source URL,development_calibration,downloaded_at_utc is host filesystem mtime; no separate operator retrieval record was supplied.,2020-10-08T23:00:00Z,2020-10-08T23:30:00Z,GPM_3IMERGHH.07:3B-HHR.MS.MRG.3IMERG.20201008-S230000-E232959.1380.V07B.HDF5
nasa_gpm_imerg_final_v07b_portmore_october_2020,nasa_gpm_imerg/GPM_3IMERGHH_07/V07B/2020/10/3B-HHR.MS.MRG.3IMERG.20201008-S233000-E235959.1410.V07B.HDF5,3B-HHR.MS.MRG.3IMERG.20201008-S233000-E235959.1410.V07B.HDF5,https://data.gesdisc.earthdata.nasa.gov/data/GPM_L3/GPM_3IMERGHH.07/2020/282/3B-HHR.MS.MRG.3IMERG.20201008-S233000-E235959.1410.V07B.HDF5,NASA GES DISC,GPM_3IMERGHH_07 / V07B,2020,2026-08-16T05:17:34.573459Z,2026-08-16T05:35:52.543531Z,7877051,a3e1def6e6cb63ba707771179bac78e6eb6afec412fe213743024252fee4dd77,NASA Earth science data; retain NASA/GPM attribution and source URL,development_calibration,downloaded_at_utc is host filesystem mtime; no separate operator retrieval record was supplied.,2020-10-08T23:30:00Z,2020-10-09T00:00:00Z,GPM_3IMERGHH.07:3B-HHR.MS.MRG.3IMERG.20201008-S233000-E235959.1410.V07B.HDF5
nasa_gpm_imerg_final_v07b_portmore_october_2020,nasa_gpm_imerg/GPM_3IMERGHH_07/V07B/2020/10/3B-HHR.MS.MRG.3IMERG.20201009-S000000-E002959.0000.V07B.HDF5,3B-HHR.MS.MRG.3IMERG.20201009-S000000-E002959.0000.V07B.HDF5,https://data.gesdisc.earthdata.nasa.gov/data/GPM_L3/GPM_3IMERGHH.07/2020/283/3B-HHR.MS.MRG.3IMERG.20201009-S000000-E002959.0000.V07B.HDF5,NASA GES DISC,GPM_3IMERGHH_07 / V07B,2020,2026-08-16T05:17:36.500371Z,2026-08-16T05:35:52.562539Z,7912980,3cb9bb461cfd1fb749b3792043f0a36d380852c1818c4245509c435a43c9c702,NASA Earth science data; retain NASA/GPM attribution and source URL,development_calibration,downloaded_at_utc is host filesystem mtime; no separate operator retrieval record was supplied.,2020-10-09T00:00:00Z,2020-10-09T00:30:00Z,GPM_3IMERGHH.07:3B-HHR.MS.MRG.3IMERG.20201009-S000000-E002959.0000.V07B.HDF5
nasa_gpm_imerg_final_v07b_portmore_october_2020,nasa_gpm_imerg/GPM_3IMERGHH_07/V07B/2020/10/3B-HHR.MS.MRG.3IMERG.20201009-S003000-E005959.0030.V07B.HDF5,3B-HHR.MS.MRG.3IMERG.20201009-S003000-E005959.0030.V07B.HDF5,https://data.gesdisc.earthdata.nasa.gov/data/GPM_L3/GPM_3IMERGHH.07/2020/283/3B-HHR.MS.MRG.3IMERG.20201009-S003000-E005959.0030.V07B.HDF5,NASA GES DISC,GPM_3IMERGHH_07 / V07B,2020,2026-08-16T05:17:37.947641Z,2026-08-16T05:35:52.582921Z,7879465,3c1e146134247ac57902a8f720a3b342266085c0f6179d59549eba32e6822b6f,NASA Earth science data; retain NASA/GPM attribution and source URL,development_calibration,downloaded_at_utc is host filesystem mtime; no separate operator retrieval record was supplied.,2020-10-09T00:30:00Z,2020-10-09T01:00:00Z,GPM_3IMERGHH.07:3B-HHR.MS.MRG.3IMERG.20201009-S003000-E005959.0030.V07B.HDF5
nasa_gpm_imerg_final_v07b_portmore_october_2020,nasa_gpm_imerg/GPM_3IMERGHH_07/V07B/2020/10/3B-HHR.MS.MRG.3IMERG.20201009-S010000-E012959.0060.V07B.HDF5,3B-HHR.MS.MRG.3IMERG.20201009-S010000-E012959.0060.V07B.HDF5,https://data.gesdisc.earthdata.nasa.gov/data/GPM_L3/GPM_3IMERGHH.07/2020/283/3B-HHR.MS.MRG.3IMERG.20201009-S010000-E012959.0060.V07B.HDF5,NASA GES DISC,GPM_3IMERGHH_07 / V07B,2020,2026-08-16T05:17:39.348289Z,2026-08-16T05:35:52.601404Z,7864108,fd04f49bb3cce2e5f8101e36be28e4b2daa019ef1889deb068a34d7073b0977b,NASA Earth science data; retain NASA/GPM attribution and source URL,development_calibration,downloaded_at_utc is host filesystem mtime; no separate operator retrieval record was supplied.,2020-10-09T01:00:00Z,2020-10-09T01:30:00Z,GPM_3IMERGHH.07:3B-HHR.MS.MRG.3IMERG.20201009-S010000-E012959.0060.V07B.HDF5
nasa_gpm_imerg_final_v07b_portmore_october_2020,nasa_gpm_imerg/GPM_3IMERGHH_07/V07B/2020/10/3B-HHR.MS.MRG.3IMERG.20201009-S013000-E015959.0090.V07B.HDF5,3B-HHR.MS.MRG.3IMERG.20201009-S013000-E015959.0090.V07B.HDF5,https://data.gesdisc.earthdata.nasa.gov/data/GPM_L3/GPM_3IMERGHH.07/2020/283/3B-HHR.MS.MRG.3IMERG.20201009-S013000-E015959.0090.V07B.HDF5,NASA GES DISC,GPM_3IMERGHH_07 / V07B,2020,2026-08-16T05:17:40.689980Z,2026-08-16T05:35:52.626603Z,7838908,9de67680d016fe06ecbe9e01f52a3df34c81d8e995d0f3dfb017293c3c0ac8a3,NASA Earth science data; retain NASA/GPM attribution and source URL,development_calibration,downloaded_at_utc is host filesystem mtime; no separate operator retrieval record was supplied.,2020-10-09T01:30:00Z,2020-10-09T02:00:00Z,GPM_3IMERGHH.07:3B-HHR.MS.MRG.3IMERG.20201009-S013000-E015959.0090.V07B.HDF5
nasa_gpm_imerg_final_v07b_portmore_october_2020,nasa_gpm_imerg/GPM_3IMERGHH_07/V07B/2020/10/3B-HHR.MS.MRG.3IMERG.20201009-S020000-E022959.0120.V07B.HDF5,3B-HHR.MS.MRG.3IMERG.20201009-S020000-E022959.0120.V07B.HDF5,https://data.gesdisc.earthdata.nasa.gov/data/GPM_L3/GPM_3IMERGHH.07/2020/283/3B-HHR.MS.MRG.3IMERG.20201009-S020000-E022959.0120.V07B.HDF5,NASA GES DISC,GPM_3IMERGHH_07 / V07B,2020,2026-08-16T05:17:42.185220Z,2026-08-16T05:35:52.648143Z,7957467,76747335a08c0a6887548c36eab2cf6a6e8787bb4d1adc87c3d8ef8c48b7060c,NASA Earth science data; retain NASA/GPM attribution and source URL,development_calibration,downloaded_at_utc is host filesystem mtime; no separate operator retrieval record was supplied.,2020-10-09T02:00:00Z,2020-10-09T02:30:00Z,GPM_3IMERGHH.07:3B-HHR.MS.MRG.3IMERG.20201009-S020000-E022959.0120.V07B.HDF5
nasa_gpm_imerg_final_v07b_portmore_october_2020,nasa_gpm_imerg/GPM_3IMERGHH_07/V07B/2020/10/3B-HHR.MS.MRG.3IMERG.20201009-S023000-E025959.0150.V07B.HDF5,3B-HHR.MS.MRG.3IMERG.20201009-S023000-E025959.0150.V07B.HDF5,https://data.gesdisc.earthdata.nasa.gov/data/GPM_L3/GPM_3IMERGHH.07/2020/283/3B-HHR.MS.MRG.3IMERG.20201009-S023000-E025959.0150.V07B.HDF5,NASA GES DISC,GPM_3IMERGHH_07 / V07B,2020,2026-08-16T05:17:43.460803Z,2026-08-16T05:35:52.668566Z,7845928,f0eb0569ab73c0e960d7d7acb34c20307cc47b0ddd121ecf2de8e1d6ff6dd8fd,NASA Earth science data; retain NASA/GPM attribution and source URL,development_calibration,downloaded_at_utc is host filesystem mtime; no separate operator retrieval record was supplied.,2020-10-09T02:30:00Z,2020-10-09T03:00:00Z,GPM_3IMERGHH.07:3B-HHR.MS.MRG.3IMERG.20201009-S023000-E025959.0150.V07B.HDF5
nasa_gpm_imerg_final_v07b_portmore_october_2020,nasa_gpm_imerg/GPM_3IMERGHH_07/V07B/2020/10/3B-HHR.MS.MRG.3IMERG.20201009-S030000-E032959.0180.V07B.HDF5,3B-HHR.MS.MRG.3IMERG.20201009-S030000-E032959.0180.V07B.HDF5,https://data.gesdisc.earthdata.nasa.gov/data/GPM_L3/GPM_3IMERGHH.07/2020/283/3B-HHR.MS.MRG.3IMERG.20201009-S030000-E032959.0180.V07B.HDF5,NASA GES DISC,GPM_3IMERGHH_07 / V07B,2020,2026-08-16T05:17:44.879914Z,2026-08-16T05:35:52.687666Z,7866809,1ed1dfd230c14db412aae28b5ac8934dc84946c5565fe8580fb9711554773bca,NASA Earth science data; retain NASA/GPM attribution and source URL,development_calibration,downloaded_at_utc is host filesystem mtime; no separate operator retrieval record was supplied.,2020-10-09T03:00:00Z,2020-10-09T03:30:00Z,GPM_3IMERGHH.07:3B-HHR.MS.MRG.3IMERG.20201009-S030000-E032959.0180.V07B.HDF5
nasa_gpm_imerg_final_v07b_portmore_october_2020,nasa_gpm_imerg/GPM_3IMERGHH_07/V07B/2020/10/3B-HHR.MS.MRG.3IMERG.20201009-S033000-E035959.0210.V07B.HDF5,3B-HHR.MS.MRG.3IMERG.20201009-S033000-E035959.0210.V07B.HDF5,https://data.gesdisc.earthdata.nasa.gov/data/GPM_L3/GPM_3IMERGHH.07/2020/283/3B-HHR.MS.MRG.3IMERG.20201009-S033000-E035959.0210.V07B.HDF5,NASA GES DISC,GPM_3IMERGHH_07 / V07B,2020,2026-08-16T05:17:46.164398Z,2026-08-16T05:35:52.706578Z,7837079,26112af8a7b85e4f8afbd1750e5d82c3011dbd102d3fbe8a46d9af71b2f9ac1b,NASA Earth science data; retain NASA/GPM attribution and source URL,development_calibration,downloaded_at_utc is host filesystem mtime; no separate operator retrieval record was supplied.,2020-10-09T03:30:00Z,2020-10-09T04:00:00Z,GPM_3IMERGHH.07:3B-HHR.MS.MRG.3IMERG.20201009-S033000-E035959.0210.V07B.HDF5
nasa_gpm_imerg_final_v07b_portmore_october_2020,nasa_gpm_imerg/GPM_3IMERGHH_07/V07B/2020/10/3B-HHR.MS.MRG.3IMERG.20201009-S040000-E042959.0240.V07B.HDF5,3B-HHR.MS.MRG.3IMERG.20201009-S040000-E042959.0240.V07B.HDF5,https://data.gesdisc.earthdata.nasa.gov/data/GPM_L3/GPM_3IMERGHH.07/2020/283/3B-HHR.MS.MRG.3IMERG.20201009-S040000-E042959.0240.V07B.HDF5,NASA GES DISC,GPM_3IMERGHH_07 / V07B,2020,2026-08-16T05:17:47.452839Z,2026-08-16T05:35:52.726382Z,8013292,8cce80dcc1ef8faee918e4b742b2cc1c4aeddf5e787a51bcdb30d0313b48871a,NASA Earth science data; retain NASA/GPM attribution and source URL,development_calibration,downloaded_at_utc is host filesystem mtime; no separate operator retrieval record was supplied.,2020-10-09T04:00:00Z,2020-10-09T04:30:00Z,GPM_3IMERGHH.07:3B-HHR.MS.MRG.3IMERG.20201009-S040000-E042959.0240.V07B.HDF5
nasa_gpm_imerg_final_v07b_portmore_october_2020,nasa_gpm_imerg/GPM_3IMERGHH_07/V07B/2020/10/3B-HHR.MS.MRG.3IMERG.20201009-S043000-E045959.0270.V07B.HDF5,3B-HHR.MS.MRG.3IMERG.20201009-S043000-E045959.0270.V07B.HDF5,https://data.gesdisc.earthdata.nasa.gov/data/GPM_L3/GPM_3IMERGHH.07/2020/283/3B-HHR.MS.MRG.3IMERG.20201009-S043000-E045959.0270.V07B.HDF5,NASA GES DISC,GPM_3IMERGHH_07 / V07B,2020,2026-08-16T05:17:48.742218Z,2026-08-16T05:35:52.744887Z,7973410,3626559ed30d98a7f5a87e648f159f16470e292e96f0961cc7e4c4b0f5fa1520,NASA Earth science data; retain NASA/GPM attribution and source URL,development_calibration,downloaded_at_utc is host filesystem mtime; no separate operator retrieval record was supplied.,2020-10-09T04:30:00Z,2020-10-09T05:00:00Z,GPM_3IMERGHH.07:3B-HHR.MS.MRG.3IMERG.20201009-S043000-E045959.0270.V07B.HDF5
